id,override,price,availability,link
47325315465512,MX,1799.00 MXN,out of stock,https://almighty.tools/es-mx/products/the-almighty-quad-socket%E2%84%A2-pro-bundle?variant=47325315465512
47325315465512,AR,149850.00 ARS,out of stock,https://almighty.tools/es-ar/products/the-almighty-quad-socket%E2%84%A2-pro-bundle?variant=47325315465512
47325315465512,CO,370000.00 COP,out of stock,https://almighty.tools/es-co/products/the-almighty-quad-socket%E2%84%A2-pro-bundle?variant=47325315465512
47325315465512,CL,95000.00 CLP,out of stock,https://almighty.tools/es-cl/products/the-almighty-quad-socket%E2%84%A2-pro-bundle?variant=47325315465512
47325315465512,GB,99.90 GBP,out of stock,https://almighty.tools/products/the-almighty-quad-socket%E2%84%A2-pro-bundle?variant=47325315465512&currency=GBP
47325315465512,AU,99.90 USD,out of stock,https://almighty.tools/products/the-almighty-quad-socket%E2%84%A2-pro-bundle?variant=47325315465512
47325315465512,CA,99.90 USD,out of stock,https://almighty.tools/products/the-almighty-quad-socket%E2%84%A2-pro-bundle?variant=47325315465512
47492283859240,MX,630.00 MXN,in stock,https://almighty.tools/es-mx/products/the-almighty-roll-storage?variant=47492283859240
47492283859240,AR,52425.00 ARS,in stock,https://almighty.tools/es-ar/products/the-almighty-roll-storage?variant=47492283859240
47492283859240,CO,130000.00 COP,in stock,https://almighty.tools/es-co/products/the-almighty-roll-storage?variant=47492283859240
47492283859240,CL,33300.00 CLP,in stock,https://almighty.tools/es-cl/products/the-almighty-roll-storage?variant=47492283859240
47492283859240,GB,34.95 GBP,in stock,https://almighty.tools/products/the-almighty-roll-storage?variant=47492283859240&currency=GBP
47492283859240,AU,34.95 USD,in stock,https://almighty.tools/products/the-almighty-roll-storage?variant=47492283859240
47492283859240,CA,34.95 USD,in stock,https://almighty.tools/products/the-almighty-roll-storage?variant=47492283859240
47492283793704,MX,630.00 MXN,in stock,https://almighty.tools/es-mx/products/the-almighty-roll-storage?variant=47492283793704
47492283793704,AR,52425.00 ARS,in stock,https://almighty.tools/es-ar/products/the-almighty-roll-storage?variant=47492283793704
47492283793704,CO,130000.00 COP,in stock,https://almighty.tools/es-co/products/the-almighty-roll-storage?variant=47492283793704
47492283793704,CL,33300.00 CLP,in stock,https://almighty.tools/es-cl/products/the-almighty-roll-storage?variant=47492283793704
47492283793704,GB,34.95 GBP,in stock,https://almighty.tools/products/the-almighty-roll-storage?variant=47492283793704&currency=GBP
47492283793704,AU,34.95 USD,in stock,https://almighty.tools/products/the-almighty-roll-storage?variant=47492283793704
47492283793704,CA,34.95 USD,in stock,https://almighty.tools/products/the-almighty-roll-storage?variant=47492283793704
47492283892008,MX,630.00 MXN,in stock,https://almighty.tools/es-mx/products/the-almighty-roll-storage?variant=47492283892008
47492283892008,AR,52425.00 ARS,in stock,https://almighty.tools/es-ar/products/the-almighty-roll-storage?variant=47492283892008
47492283892008,CO,130000.00 COP,in stock,https://almighty.tools/es-co/products/the-almighty-roll-storage?variant=47492283892008
47492283892008,CL,33300.00 CLP,in stock,https://almighty.tools/es-cl/products/the-almighty-roll-storage?variant=47492283892008
47492283892008,GB,34.95 GBP,in stock,https://almighty.tools/products/the-almighty-roll-storage?variant=47492283892008&currency=GBP
47492283892008,AU,34.95 USD,in stock,https://almighty.tools/products/the-almighty-roll-storage?variant=47492283892008
47492283892008,CA,34.95 USD,in stock,https://almighty.tools/products/the-almighty-roll-storage?variant=47492283892008
47492283826472,MX,630.00 MXN,in stock,https://almighty.tools/es-mx/products/the-almighty-roll-storage?variant=47492283826472
47492283826472,AR,52425.00 ARS,in stock,https://almighty.tools/es-ar/products/the-almighty-roll-storage?variant=47492283826472
47492283826472,CO,130000.00 COP,in stock,https://almighty.tools/es-co/products/the-almighty-roll-storage?variant=47492283826472
47492283826472,CL,33300.00 CLP,in stock,https://almighty.tools/es-cl/products/the-almighty-roll-storage?variant=47492283826472
47492283826472,GB,34.95 GBP,in stock,https://almighty.tools/products/the-almighty-roll-storage?variant=47492283826472&currency=GBP
47492283826472,AU,34.95 USD,in stock,https://almighty.tools/products/the-almighty-roll-storage?variant=47492283826472
47492283826472,CA,34.95 USD,in stock,https://almighty.tools/products/the-almighty-roll-storage?variant=47492283826472
47767778558248,MX,900.00 MXN,in stock,https://almighty.tools/es-mx/products/the-almighty-ratchet-wrench-set?variant=47767778558248
47767778558248,AR,74925.00 ARS,in stock,https://almighty.tools/es-ar/products/the-almighty-ratchet-wrench-set?variant=47767778558248
47767778558248,CO,185000.00 COP,in stock,https://almighty.tools/es-co/products/the-almighty-ratchet-wrench-set?variant=47767778558248
47767778558248,CL,47500.00 CLP,in stock,https://almighty.tools/es-cl/products/the-almighty-ratchet-wrench-set?variant=47767778558248
47767778558248,GB,49.95 GBP,in stock,https://almighty.tools/products/the-almighty-ratchet-wrench-set?variant=47767778558248&currency=GBP
47767778558248,AU,49.95 USD,in stock,https://almighty.tools/products/the-almighty-ratchet-wrench-set?variant=47767778558248
47767778558248,CA,49.95 USD,in stock,https://almighty.tools/products/the-almighty-ratchet-wrench-set?variant=47767778558248
48877026640168,MX,990.00 MXN,in stock,https://almighty.tools/es-mx/products/the-almighty-tm-cordless-screwdriver?variant=48877026640168
48877026640168,AR,82425.00 ARS,in stock,https://almighty.tools/es-ar/products/the-almighty-tm-cordless-screwdriver?variant=48877026640168
48877026640168,CO,204000.00 COP,in stock,https://almighty.tools/es-co/products/the-almighty-tm-cordless-screwdriver?variant=48877026640168
48877026640168,CL,52300.00 CLP,in stock,https://almighty.tools/es-cl/products/the-almighty-tm-cordless-screwdriver?variant=48877026640168
48877026640168,GB,54.95 GBP,in stock,https://almighty.tools/products/the-almighty-tm-cordless-screwdriver?variant=48877026640168&currency=GBP
48877026640168,AU,54.95 USD,in stock,https://almighty.tools/products/the-almighty-tm-cordless-screwdriver?variant=48877026640168
48877026640168,CA,54.95 USD,in stock,https://almighty.tools/products/the-almighty-tm-cordless-screwdriver?variant=48877026640168
48877044957480,MX,7200.00 MXN,in stock,https://almighty.tools/es-mx/products/the-almighty-laser-tape-pro?variant=48877044957480
48877044957480,AR,599925.00 ARS,in stock,https://almighty.tools/es-ar/products/the-almighty-laser-tape-pro?variant=48877044957480
48877044957480,CO,1480000.00 COP,in stock,https://almighty.tools/es-co/products/the-almighty-laser-tape-pro?variant=48877044957480
48877044957480,CL,380000.00 CLP,in stock,https://almighty.tools/es-cl/products/the-almighty-laser-tape-pro?variant=48877044957480
48877044957480,GB,399.95 GBP,in stock,https://almighty.tools/products/the-almighty-laser-tape-pro?variant=48877044957480&currency=GBP
48877044957480,AU,399.95 USD,in stock,https://almighty.tools/products/the-almighty-laser-tape-pro?variant=48877044957480
48877044957480,CA,399.95 USD,in stock,https://almighty.tools/products/the-almighty-laser-tape-pro?variant=48877044957480
48877058720040,MX,629.00 MXN,in stock,https://almighty.tools/es-mx/products/almighty-portable-screwdriver-set-46-in-1?variant=48877058720040
48877058720040,AR,52350.00 ARS,in stock,https://almighty.tools/es-ar/products/almighty-portable-screwdriver-set-46-in-1?variant=48877058720040
48877058720040,CO,130000.00 COP,in stock,https://almighty.tools/es-co/products/almighty-portable-screwdriver-set-46-in-1?variant=48877058720040
48877058720040,CL,33200.00 CLP,in stock,https://almighty.tools/es-cl/products/almighty-portable-screwdriver-set-46-in-1?variant=48877058720040
48877058720040,GB,34.90 GBP,in stock,https://almighty.tools/products/almighty-portable-screwdriver-set-46-in-1?variant=48877058720040&currency=GBP
48877058720040,AU,34.90 USD,in stock,https://almighty.tools/products/almighty-portable-screwdriver-set-46-in-1?variant=48877058720040
48877058720040,CA,34.90 USD,in stock,https://almighty.tools/products/almighty-portable-screwdriver-set-46-in-1?variant=48877058720040
50789631000872,MX,1260.00 MXN,in stock,https://almighty.tools/es-mx/products/the-almighty-precision-electric-screwdriver-52-in-1?variant=50789631000872
50789631000872,AR,104925.00 ARS,in stock,https://almighty.tools/es-ar/products/the-almighty-precision-electric-screwdriver-52-in-1?variant=50789631000872
50789631000872,CO,259000.00 COP,in stock,https://almighty.tools/es-co/products/the-almighty-precision-electric-screwdriver-52-in-1?variant=50789631000872
50789631000872,CL,66500.00 CLP,in stock,https://almighty.tools/es-cl/products/the-almighty-precision-electric-screwdriver-52-in-1?variant=50789631000872
50789631000872,GB,69.95 GBP,in stock,https://almighty.tools/products/the-almighty-precision-electric-screwdriver-52-in-1?variant=50789631000872&currency=GBP
50789631000872,AU,69.95 USD,in stock,https://almighty.tools/products/the-almighty-precision-electric-screwdriver-52-in-1?variant=50789631000872
50789631000872,CA,69.95 USD,in stock,https://almighty.tools/products/the-almighty-precision-electric-screwdriver-52-in-1?variant=50789631000872
48877287047464,MX,1242.00 MXN,in stock,https://almighty.tools/es-mx/products/the-almighty-ruler?variant=48877287047464
48877287047464,AR,103425.00 ARS,in stock,https://almighty.tools/es-ar/products/the-almighty-ruler?variant=48877287047464
48877287047464,CO,256000.00 COP,in stock,https://almighty.tools/es-co/products/the-almighty-ruler?variant=48877287047464
48877287047464,CL,65600.00 CLP,in stock,https://almighty.tools/es-cl/products/the-almighty-ruler?variant=48877287047464
48877287047464,GB,68.95 GBP,in stock,https://almighty.tools/products/the-almighty-ruler?variant=48877287047464&currency=GBP
48877287047464,AU,68.95 USD,in stock,https://almighty.tools/products/the-almighty-ruler?variant=48877287047464
48877287047464,CA,68.95 USD,in stock,https://almighty.tools/products/the-almighty-ruler?variant=48877287047464
48877287276840,MX,1440.00 MXN,in stock,https://almighty.tools/es-mx/products/the-almighty-ruler?variant=48877287276840
48877287276840,AR,119925.00 ARS,in stock,https://almighty.tools/es-ar/products/the-almighty-ruler?variant=48877287276840
48877287276840,CO,296000.00 COP,in stock,https://almighty.tools/es-co/products/the-almighty-ruler?variant=48877287276840
48877287276840,CL,76000.00 CLP,in stock,https://almighty.tools/es-cl/products/the-almighty-ruler?variant=48877287276840
48877287276840,GB,79.95 GBP,in stock,https://almighty.tools/products/the-almighty-ruler?variant=48877287276840&currency=GBP
48877287276840,AU,79.95 USD,in stock,https://almighty.tools/products/the-almighty-ruler?variant=48877287276840
48877287276840,CA,79.95 USD,in stock,https://almighty.tools/products/the-almighty-ruler?variant=48877287276840
48877287080232,MX,1242.00 MXN,in stock,https://almighty.tools/es-mx/products/the-almighty-ruler?variant=48877287080232
48877287080232,AR,103425.00 ARS,in stock,https://almighty.tools/es-ar/products/the-almighty-ruler?variant=48877287080232
48877287080232,CO,256000.00 COP,in stock,https://almighty.tools/es-co/products/the-almighty-ruler?variant=48877287080232
48877287080232,CL,65600.00 CLP,in stock,https://almighty.tools/es-cl/products/the-almighty-ruler?variant=48877287080232
48877287080232,GB,68.95 GBP,in stock,https://almighty.tools/products/the-almighty-ruler?variant=48877287080232&currency=GBP
48877287080232,AU,68.95 USD,in stock,https://almighty.tools/products/the-almighty-ruler?variant=48877287080232
48877287080232,CA,68.95 USD,in stock,https://almighty.tools/products/the-almighty-ruler?variant=48877287080232
48877287309608,MX,1440.00 MXN,in stock,https://almighty.tools/es-mx/products/the-almighty-ruler?variant=48877287309608
48877287309608,AR,119925.00 ARS,in stock,https://almighty.tools/es-ar/products/the-almighty-ruler?variant=48877287309608
48877287309608,CO,296000.00 COP,in stock,https://almighty.tools/es-co/products/the-almighty-ruler?variant=48877287309608
48877287309608,CL,76000.00 CLP,in stock,https://almighty.tools/es-cl/products/the-almighty-ruler?variant=48877287309608
48877287309608,GB,79.95 GBP,in stock,https://almighty.tools/products/the-almighty-ruler?variant=48877287309608&currency=GBP
48877287309608,AU,79.95 USD,in stock,https://almighty.tools/products/the-almighty-ruler?variant=48877287309608
48877287309608,CA,79.95 USD,in stock,https://almighty.tools/products/the-almighty-ruler?variant=48877287309608
50796295553320,MX,1350.00 MXN,in stock,https://almighty.tools/es-mx/products/the-almighty-ruler?variant=50796295553320
50796295553320,AR,112485.00 ARS,in stock,https://almighty.tools/es-ar/products/the-almighty-ruler?variant=50796295553320
50796295553320,CO,278000.00 COP,in stock,https://almighty.tools/es-co/products/the-almighty-ruler?variant=50796295553320
50796295553320,CL,71300.00 CLP,in stock,https://almighty.tools/es-cl/products/the-almighty-ruler?variant=50796295553320
50796295553320,GB,74.99 GBP,in stock,https://almighty.tools/products/the-almighty-ruler?variant=50796295553320&currency=GBP
50796295553320,AU,74.99 USD,in stock,https://almighty.tools/products/the-almighty-ruler?variant=50796295553320
50796295553320,CA,74.99 USD,in stock,https://almighty.tools/products/the-almighty-ruler?variant=50796295553320
50796295586088,MX,1530.00 MXN,in stock,https://almighty.tools/es-mx/products/the-almighty-ruler?variant=50796295586088
50796295586088,AR,127485.00 ARS,in stock,https://almighty.tools/es-ar/products/the-almighty-ruler?variant=50796295586088
50796295586088,CO,315000.00 COP,in stock,https://almighty.tools/es-co/products/the-almighty-ruler?variant=50796295586088
50796295586088,CL,80800.00 CLP,in stock,https://almighty.tools/es-cl/products/the-almighty-ruler?variant=50796295586088
50796295586088,GB,84.99 GBP,in stock,https://almighty.tools/products/the-almighty-ruler?variant=50796295586088&currency=GBP
50796295586088,AU,84.99 USD,in stock,https://almighty.tools/products/the-almighty-ruler?variant=50796295586088
50796295586088,CA,84.99 USD,in stock,https://almighty.tools/products/the-almighty-ruler?variant=50796295586088
48877316210984,MX,630.00 MXN,in stock,https://almighty.tools/es-mx/products/the-almighty-socket-effortless-bolt-removal?variant=48877316210984
48877316210984,AR,52485.00 ARS,in stock,https://almighty.tools/es-ar/products/the-almighty-socket-effortless-bolt-removal?variant=48877316210984
48877316210984,CO,130000.00 COP,in stock,https://almighty.tools/es-co/products/the-almighty-socket-effortless-bolt-removal?variant=48877316210984
48877316210984,CL,33300.00 CLP,in stock,https://almighty.tools/es-cl/products/the-almighty-socket-effortless-bolt-removal?variant=48877316210984
48877316210984,GB,34.99 GBP,in stock,https://almighty.tools/products/the-almighty-socket-effortless-bolt-removal?variant=48877316210984&currency=GBP
48877316210984,AU,34.99 USD,in stock,https://almighty.tools/products/the-almighty-socket-effortless-bolt-removal?variant=48877316210984
48877316210984,CA,34.99 USD,in stock,https://almighty.tools/products/the-almighty-socket-effortless-bolt-removal?variant=48877316210984
48877316243752,MX,990.00 MXN,in stock,https://almighty.tools/es-mx/products/the-almighty-socket-effortless-bolt-removal?variant=48877316243752
48877316243752,AR,82425.00 ARS,in stock,https://almighty.tools/es-ar/products/the-almighty-socket-effortless-bolt-removal?variant=48877316243752
48877316243752,CO,204000.00 COP,in stock,https://almighty.tools/es-co/products/the-almighty-socket-effortless-bolt-removal?variant=48877316243752
48877316243752,CL,52300.00 CLP,in stock,https://almighty.tools/es-cl/products/the-almighty-socket-effortless-bolt-removal?variant=48877316243752
48877316243752,GB,54.95 GBP,in stock,https://almighty.tools/products/the-almighty-socket-effortless-bolt-removal?variant=48877316243752&currency=GBP
48877316243752,AU,54.95 USD,in stock,https://almighty.tools/products/the-almighty-socket-effortless-bolt-removal?variant=48877316243752
48877316243752,CA,54.95 USD,in stock,https://almighty.tools/products/the-almighty-socket-effortless-bolt-removal?variant=48877316243752
48877316276520,MX,1152.00 MXN,in stock,https://almighty.tools/es-mx/products/the-almighty-socket-effortless-bolt-removal?variant=48877316276520
48877316276520,AR,95925.00 ARS,in stock,https://almighty.tools/es-ar/products/the-almighty-socket-effortless-bolt-removal?variant=48877316276520
48877316276520,CO,237000.00 COP,in stock,https://almighty.tools/es-co/products/the-almighty-socket-effortless-bolt-removal?variant=48877316276520
48877316276520,CL,60800.00 CLP,in stock,https://almighty.tools/es-cl/products/the-almighty-socket-effortless-bolt-removal?variant=48877316276520
48877316276520,GB,63.95 GBP,in stock,https://almighty.tools/products/the-almighty-socket-effortless-bolt-removal?variant=48877316276520&currency=GBP
48877316276520,AU,63.95 USD,in stock,https://almighty.tools/products/the-almighty-socket-effortless-bolt-removal?variant=48877316276520
48877316276520,CA,63.95 USD,in stock,https://almighty.tools/products/the-almighty-socket-effortless-bolt-removal?variant=48877316276520
48877316309288,MX,1800.00 MXN,in stock,https://almighty.tools/es-mx/products/the-almighty-socket-effortless-bolt-removal?variant=48877316309288
48877316309288,AR,149925.00 ARS,in stock,https://almighty.tools/es-ar/products/the-almighty-socket-effortless-bolt-removal?variant=48877316309288
48877316309288,CO,370000.00 COP,in stock,https://almighty.tools/es-co/products/the-almighty-socket-effortless-bolt-removal?variant=48877316309288
48877316309288,CL,95000.00 CLP,in stock,https://almighty.tools/es-cl/products/the-almighty-socket-effortless-bolt-removal?variant=48877316309288
48877316309288,GB,99.95 GBP,in stock,https://almighty.tools/products/the-almighty-socket-effortless-bolt-removal?variant=48877316309288&currency=GBP
48877316309288,AU,99.95 USD,in stock,https://almighty.tools/products/the-almighty-socket-effortless-bolt-removal?variant=48877316309288
48877316309288,CA,99.95 USD,in stock,https://almighty.tools/products/the-almighty-socket-effortless-bolt-removal?variant=48877316309288
48898607218984,MX,900.00 MXN,in stock,https://almighty.tools/es-mx/products/the-almighty-tools-organizer-bag?variant=48898607218984
48898607218984,AR,74925.00 ARS,in stock,https://almighty.tools/es-ar/products/the-almighty-tools-organizer-bag?variant=48898607218984
48898607218984,CO,185000.00 COP,in stock,https://almighty.tools/es-co/products/the-almighty-tools-organizer-bag?variant=48898607218984
48898607218984,CL,47500.00 CLP,in stock,https://almighty.tools/es-cl/products/the-almighty-tools-organizer-bag?variant=48898607218984
48898607218984,GB,49.95 GBP,in stock,https://almighty.tools/products/the-almighty-tools-organizer-bag?variant=48898607218984&currency=GBP
48898607218984,AU,49.95 USD,in stock,https://almighty.tools/products/the-almighty-tools-organizer-bag?variant=48898607218984
48898607218984,CA,49.95 USD,in stock,https://almighty.tools/products/the-almighty-tools-organizer-bag?variant=48898607218984
48898607251752,MX,900.00 MXN,in stock,https://almighty.tools/es-mx/products/the-almighty-tools-organizer-bag?variant=48898607251752
48898607251752,AR,74925.00 ARS,in stock,https://almighty.tools/es-ar/products/the-almighty-tools-organizer-bag?variant=48898607251752
48898607251752,CO,185000.00 COP,in stock,https://almighty.tools/es-co/products/the-almighty-tools-organizer-bag?variant=48898607251752
48898607251752,CL,47500.00 CLP,in stock,https://almighty.tools/es-cl/products/the-almighty-tools-organizer-bag?variant=48898607251752
48898607251752,GB,49.95 GBP,in stock,https://almighty.tools/products/the-almighty-tools-organizer-bag?variant=48898607251752&currency=GBP
48898607251752,AU,49.95 USD,in stock,https://almighty.tools/products/the-almighty-tools-organizer-bag?variant=48898607251752
48898607251752,CA,49.95 USD,in stock,https://almighty.tools/products/the-almighty-tools-organizer-bag?variant=48898607251752
48898607284520,MX,900.00 MXN,out of stock,https://almighty.tools/es-mx/products/the-almighty-tools-organizer-bag?variant=48898607284520
48898607284520,AR,74925.00 ARS,out of stock,https://almighty.tools/es-ar/products/the-almighty-tools-organizer-bag?variant=48898607284520
48898607284520,CO,185000.00 COP,out of stock,https://almighty.tools/es-co/products/the-almighty-tools-organizer-bag?variant=48898607284520
48898607284520,CL,47500.00 CLP,out of stock,https://almighty.tools/es-cl/products/the-almighty-tools-organizer-bag?variant=48898607284520
48898607284520,GB,49.95 GBP,out of stock,https://almighty.tools/products/the-almighty-tools-organizer-bag?variant=48898607284520&currency=GBP
48898607284520,AU,49.95 USD,out of stock,https://almighty.tools/products/the-almighty-tools-organizer-bag?variant=48898607284520
48898607284520,CA,49.95 USD,out of stock,https://almighty.tools/products/the-almighty-tools-organizer-bag?variant=48898607284520
48898607317288,MX,900.00 MXN,out of stock,https://almighty.tools/es-mx/products/the-almighty-tools-organizer-bag?variant=48898607317288
48898607317288,AR,74925.00 ARS,out of stock,https://almighty.tools/es-ar/products/the-almighty-tools-organizer-bag?variant=48898607317288
48898607317288,CO,185000.00 COP,out of stock,https://almighty.tools/es-co/products/the-almighty-tools-organizer-bag?variant=48898607317288
48898607317288,CL,47500.00 CLP,out of stock,https://almighty.tools/es-cl/products/the-almighty-tools-organizer-bag?variant=48898607317288
48898607317288,GB,49.95 GBP,out of stock,https://almighty.tools/products/the-almighty-tools-organizer-bag?variant=48898607317288&currency=GBP
48898607317288,AU,49.95 USD,out of stock,https://almighty.tools/products/the-almighty-tools-organizer-bag?variant=48898607317288
48898607317288,CA,49.95 USD,out of stock,https://almighty.tools/products/the-almighty-tools-organizer-bag?variant=48898607317288
48898700083496,MX,1440.00 MXN,in stock,https://almighty.tools/es-mx/products/the-almighty-vacuum-cleaner?variant=48898700083496
48898700083496,AR,119925.00 ARS,in stock,https://almighty.tools/es-ar/products/the-almighty-vacuum-cleaner?variant=48898700083496
48898700083496,CO,296000.00 COP,in stock,https://almighty.tools/es-co/products/the-almighty-vacuum-cleaner?variant=48898700083496
48898700083496,CL,76000.00 CLP,in stock,https://almighty.tools/es-cl/products/the-almighty-vacuum-cleaner?variant=48898700083496
48898700083496,GB,79.95 GBP,in stock,https://almighty.tools/products/the-almighty-vacuum-cleaner?variant=48898700083496&currency=GBP
48898700083496,AU,79.95 USD,in stock,https://almighty.tools/products/the-almighty-vacuum-cleaner?variant=48898700083496
48898700083496,CA,79.95 USD,in stock,https://almighty.tools/products/the-almighty-vacuum-cleaner?variant=48898700083496
49937880252712,MX,3239.00 MXN,in stock,https://almighty.tools/es-mx/products/the-almighty-diyers-essentials-bundle?variant=49937880252712
49937880252712,AR,269850.00 ARS,in stock,https://almighty.tools/es-ar/products/the-almighty-diyers-essentials-bundle?variant=49937880252712
49937880252712,CO,666000.00 COP,in stock,https://almighty.tools/es-co/products/the-almighty-diyers-essentials-bundle?variant=49937880252712
49937880252712,CL,171000.00 CLP,in stock,https://almighty.tools/es-cl/products/the-almighty-diyers-essentials-bundle?variant=49937880252712
49937880252712,GB,179.90 GBP,in stock,https://almighty.tools/products/the-almighty-diyers-essentials-bundle?variant=49937880252712&currency=GBP
49937880252712,AU,179.90 USD,in stock,https://almighty.tools/products/the-almighty-diyers-essentials-bundle?variant=49937880252712
49937880252712,CA,179.90 USD,in stock,https://almighty.tools/products/the-almighty-diyers-essentials-bundle?variant=49937880252712
49865190965544,MX,1314.00 MXN,in stock,https://almighty.tools/es-mx/products/the-almighty-precision-electric-screwdriver-68-in-1?variant=49865190965544
49865190965544,AR,109425.00 ARS,in stock,https://almighty.tools/es-ar/products/the-almighty-precision-electric-screwdriver-68-in-1?variant=49865190965544
49865190965544,CO,270000.00 COP,in stock,https://almighty.tools/es-co/products/the-almighty-precision-electric-screwdriver-68-in-1?variant=49865190965544
49865190965544,CL,69400.00 CLP,in stock,https://almighty.tools/es-cl/products/the-almighty-precision-electric-screwdriver-68-in-1?variant=49865190965544
49865190965544,GB,72.95 GBP,in stock,https://almighty.tools/products/the-almighty-precision-electric-screwdriver-68-in-1?variant=49865190965544&currency=GBP
49865190965544,AU,72.95 USD,in stock,https://almighty.tools/products/the-almighty-precision-electric-screwdriver-68-in-1?variant=49865190965544
49865190965544,CA,72.95 USD,in stock,https://almighty.tools/products/the-almighty-precision-electric-screwdriver-68-in-1?variant=49865190965544
49865264365864,MX,791.00 MXN,in stock,https://almighty.tools/es-mx/products/the-almighty-shapemaster?variant=49865264365864
49865264365864,AR,65850.00 ARS,in stock,https://almighty.tools/es-ar/products/the-almighty-shapemaster?variant=49865264365864
49865264365864,CO,163000.00 COP,in stock,https://almighty.tools/es-co/products/the-almighty-shapemaster?variant=49865264365864
49865264365864,CL,41800.00 CLP,in stock,https://almighty.tools/es-cl/products/the-almighty-shapemaster?variant=49865264365864
49865264365864,GB,43.90 GBP,in stock,https://almighty.tools/products/the-almighty-shapemaster?variant=49865264365864&currency=GBP
49865264365864,AU,43.90 USD,in stock,https://almighty.tools/products/the-almighty-shapemaster?variant=49865264365864
49865264365864,CA,43.90 USD,in stock,https://almighty.tools/products/the-almighty-shapemaster?variant=49865264365864
49919665045800,MX,720.00 MXN,in stock,https://almighty.tools/es-mx/products/the-almighty-shank?variant=49919665045800
49919665045800,AR,59985.00 ARS,in stock,https://almighty.tools/es-ar/products/the-almighty-shank?variant=49919665045800
49919665045800,CO,148000.00 COP,in stock,https://almighty.tools/es-co/products/the-almighty-shank?variant=49919665045800
49919665045800,CL,38000.00 CLP,in stock,https://almighty.tools/es-cl/products/the-almighty-shank?variant=49919665045800
49919665045800,GB,39.99 GBP,in stock,https://almighty.tools/products/the-almighty-shank?variant=49919665045800&currency=GBP
49919665045800,AU,39.99 USD,in stock,https://almighty.tools/products/the-almighty-shank?variant=49919665045800
49919665045800,CA,39.99 USD,in stock,https://almighty.tools/products/the-almighty-shank?variant=49919665045800
49919665078568,MX,720.00 MXN,in stock,https://almighty.tools/es-mx/products/the-almighty-shank?variant=49919665078568
49919665078568,AR,59985.00 ARS,in stock,https://almighty.tools/es-ar/products/the-almighty-shank?variant=49919665078568
49919665078568,CO,148000.00 COP,in stock,https://almighty.tools/es-co/products/the-almighty-shank?variant=49919665078568
49919665078568,CL,38000.00 CLP,in stock,https://almighty.tools/es-cl/products/the-almighty-shank?variant=49919665078568
49919665078568,GB,39.99 GBP,in stock,https://almighty.tools/products/the-almighty-shank?variant=49919665078568&currency=GBP
49919665078568,AU,39.99 USD,in stock,https://almighty.tools/products/the-almighty-shank?variant=49919665078568
49919665078568,CA,39.99 USD,in stock,https://almighty.tools/products/the-almighty-shank?variant=49919665078568
49919665111336,MX,720.00 MXN,in stock,https://almighty.tools/es-mx/products/the-almighty-shank?variant=49919665111336
49919665111336,AR,59985.00 ARS,in stock,https://almighty.tools/es-ar/products/the-almighty-shank?variant=49919665111336
49919665111336,CO,148000.00 COP,in stock,https://almighty.tools/es-co/products/the-almighty-shank?variant=49919665111336
49919665111336,CL,38000.00 CLP,in stock,https://almighty.tools/es-cl/products/the-almighty-shank?variant=49919665111336
49919665111336,GB,39.99 GBP,in stock,https://almighty.tools/products/the-almighty-shank?variant=49919665111336&currency=GBP
49919665111336,AU,39.99 USD,in stock,https://almighty.tools/products/the-almighty-shank?variant=49919665111336
49919665111336,CA,39.99 USD,in stock,https://almighty.tools/products/the-almighty-shank?variant=49919665111336
49919665144104,MX,1080.00 MXN,in stock,https://almighty.tools/es-mx/products/the-almighty-shank?variant=49919665144104
49919665144104,AR,89985.00 ARS,in stock,https://almighty.tools/es-ar/products/the-almighty-shank?variant=49919665144104
49919665144104,CO,222000.00 COP,in stock,https://almighty.tools/es-co/products/the-almighty-shank?variant=49919665144104
49919665144104,CL,57000.00 CLP,in stock,https://almighty.tools/es-cl/products/the-almighty-shank?variant=49919665144104
49919665144104,GB,59.99 GBP,in stock,https://almighty.tools/products/the-almighty-shank?variant=49919665144104&currency=GBP
49919665144104,AU,59.99 USD,in stock,https://almighty.tools/products/the-almighty-shank?variant=49919665144104
49919665144104,CA,59.99 USD,in stock,https://almighty.tools/products/the-almighty-shank?variant=49919665144104
49919665176872,MX,1080.00 MXN,in stock,https://almighty.tools/es-mx/products/the-almighty-shank?variant=49919665176872
49919665176872,AR,89985.00 ARS,in stock,https://almighty.tools/es-ar/products/the-almighty-shank?variant=49919665176872
49919665176872,CO,222000.00 COP,in stock,https://almighty.tools/es-co/products/the-almighty-shank?variant=49919665176872
49919665176872,CL,57000.00 CLP,in stock,https://almighty.tools/es-cl/products/the-almighty-shank?variant=49919665176872
49919665176872,GB,59.99 GBP,in stock,https://almighty.tools/products/the-almighty-shank?variant=49919665176872&currency=GBP
49919665176872,AU,59.99 USD,in stock,https://almighty.tools/products/the-almighty-shank?variant=49919665176872
49919665176872,CA,59.99 USD,in stock,https://almighty.tools/products/the-almighty-shank?variant=49919665176872
49919665209640,MX,1440.00 MXN,in stock,https://almighty.tools/es-mx/products/the-almighty-shank?variant=49919665209640
49919665209640,AR,119985.00 ARS,in stock,https://almighty.tools/es-ar/products/the-almighty-shank?variant=49919665209640
49919665209640,CO,296000.00 COP,in stock,https://almighty.tools/es-co/products/the-almighty-shank?variant=49919665209640
49919665209640,CL,76000.00 CLP,in stock,https://almighty.tools/es-cl/products/the-almighty-shank?variant=49919665209640
49919665209640,GB,79.99 GBP,in stock,https://almighty.tools/products/the-almighty-shank?variant=49919665209640&currency=GBP
49919665209640,AU,79.99 USD,in stock,https://almighty.tools/products/the-almighty-shank?variant=49919665209640
49919665209640,CA,79.99 USD,in stock,https://almighty.tools/products/the-almighty-shank?variant=49919665209640
49937896407336,MX,5759.00 MXN,in stock,https://almighty.tools/es-mx/products/the-almighty-bundle-for-diyers?variant=49937896407336
49937896407336,AR,479850.00 ARS,in stock,https://almighty.tools/es-ar/products/the-almighty-bundle-for-diyers?variant=49937896407336
49937896407336,CO,1184000.00 COP,in stock,https://almighty.tools/es-co/products/the-almighty-bundle-for-diyers?variant=49937896407336
49937896407336,CL,304000.00 CLP,in stock,https://almighty.tools/es-cl/products/the-almighty-bundle-for-diyers?variant=49937896407336
49937896407336,GB,319.90 GBP,in stock,https://almighty.tools/products/the-almighty-bundle-for-diyers?variant=49937896407336&currency=GBP
49937896407336,AU,319.90 USD,in stock,https://almighty.tools/products/the-almighty-bundle-for-diyers?variant=49937896407336
49937896407336,CA,319.90 USD,in stock,https://almighty.tools/products/the-almighty-bundle-for-diyers?variant=49937896407336
49964524994856,MX,1259.00 MXN,in stock,https://almighty.tools/es-mx/products/the-almighty-flashlight?variant=49964524994856
49964524994856,AR,104850.00 ARS,in stock,https://almighty.tools/es-ar/products/the-almighty-flashlight?variant=49964524994856
49964524994856,CO,259000.00 COP,in stock,https://almighty.tools/es-co/products/the-almighty-flashlight?variant=49964524994856
49964524994856,CL,66500.00 CLP,in stock,https://almighty.tools/es-cl/products/the-almighty-flashlight?variant=49964524994856
49964524994856,GB,69.90 GBP,in stock,https://almighty.tools/products/the-almighty-flashlight?variant=49964524994856&currency=GBP
49964524994856,AU,69.90 USD,in stock,https://almighty.tools/products/the-almighty-flashlight?variant=49964524994856
49964524994856,CA,69.90 USD,in stock,https://almighty.tools/products/the-almighty-flashlight?variant=49964524994856
49973358297384,MX,405.00 MXN,in stock,https://almighty.tools/es-mx/products/the-almighty-caulking-tool?variant=49973358297384
49973358297384,AR,33675.00 ARS,in stock,https://almighty.tools/es-ar/products/the-almighty-caulking-tool?variant=49973358297384
49973358297384,CO,84000.00 COP,in stock,https://almighty.tools/es-co/products/the-almighty-caulking-tool?variant=49973358297384
49973358297384,CL,21400.00 CLP,in stock,https://almighty.tools/es-cl/products/the-almighty-caulking-tool?variant=49973358297384
49973358297384,GB,22.45 GBP,in stock,https://almighty.tools/products/the-almighty-caulking-tool?variant=49973358297384&currency=GBP
49973358297384,AU,22.45 USD,in stock,https://almighty.tools/products/the-almighty-caulking-tool?variant=49973358297384
49973358297384,CA,22.45 USD,in stock,https://almighty.tools/products/the-almighty-caulking-tool?variant=49973358297384
49974931521832,MX,899.00 MXN,in stock,https://almighty.tools/es-mx/products/the-almighty-engraver?variant=49974931521832
49974931521832,AR,74850.00 ARS,in stock,https://almighty.tools/es-ar/products/the-almighty-engraver?variant=49974931521832
49974931521832,CO,185000.00 COP,in stock,https://almighty.tools/es-co/products/the-almighty-engraver?variant=49974931521832
49974931521832,CL,47500.00 CLP,in stock,https://almighty.tools/es-cl/products/the-almighty-engraver?variant=49974931521832
49974931521832,GB,49.90 GBP,in stock,https://almighty.tools/products/the-almighty-engraver?variant=49974931521832&currency=GBP
49974931521832,AU,49.90 USD,in stock,https://almighty.tools/products/the-almighty-engraver?variant=49974931521832
49974931521832,CA,49.90 USD,in stock,https://almighty.tools/products/the-almighty-engraver?variant=49974931521832
49990623953192,MX,1439.00 MXN,in stock,https://almighty.tools/es-mx/products/the-almighty-blower?variant=49990623953192
49990623953192,AR,119850.00 ARS,in stock,https://almighty.tools/es-ar/products/the-almighty-blower?variant=49990623953192
49990623953192,CO,296000.00 COP,in stock,https://almighty.tools/es-co/products/the-almighty-blower?variant=49990623953192
49990623953192,CL,76000.00 CLP,in stock,https://almighty.tools/es-cl/products/the-almighty-blower?variant=49990623953192
49990623953192,GB,79.90 GBP,in stock,https://almighty.tools/products/the-almighty-blower?variant=49990623953192&currency=GBP
49990623953192,AU,79.90 USD,in stock,https://almighty.tools/products/the-almighty-blower?variant=49990623953192
49990623953192,CA,79.90 USD,in stock,https://almighty.tools/products/the-almighty-blower?variant=49990623953192
50031584772392,MX,3149.00 MXN,in stock,https://almighty.tools/es-mx/products/the-almighty-painter?variant=50031584772392
50031584772392,AR,262350.00 ARS,in stock,https://almighty.tools/es-ar/products/the-almighty-painter?variant=50031584772392
50031584772392,CO,648000.00 COP,in stock,https://almighty.tools/es-co/products/the-almighty-painter?variant=50031584772392
50031584772392,CL,166200.00 CLP,in stock,https://almighty.tools/es-cl/products/the-almighty-painter?variant=50031584772392
50031584772392,GB,174.90 GBP,in stock,https://almighty.tools/products/the-almighty-painter?variant=50031584772392&currency=GBP
50031584772392,AU,174.90 USD,in stock,https://almighty.tools/products/the-almighty-painter?variant=50031584772392
50031584772392,CA,174.90 USD,in stock,https://almighty.tools/products/the-almighty-painter?variant=50031584772392
50031584805160,MX,3149.00 MXN,in stock,https://almighty.tools/es-mx/products/the-almighty-painter?variant=50031584805160
50031584805160,AR,262350.00 ARS,in stock,https://almighty.tools/es-ar/products/the-almighty-painter?variant=50031584805160
50031584805160,CO,648000.00 COP,in stock,https://almighty.tools/es-co/products/the-almighty-painter?variant=50031584805160
50031584805160,CL,166200.00 CLP,in stock,https://almighty.tools/es-cl/products/the-almighty-painter?variant=50031584805160
50031584805160,GB,174.90 GBP,in stock,https://almighty.tools/products/the-almighty-painter?variant=50031584805160&currency=GBP
50031584805160,AU,174.90 USD,in stock,https://almighty.tools/products/the-almighty-painter?variant=50031584805160
50031584805160,CA,174.90 USD,in stock,https://almighty.tools/products/the-almighty-painter?variant=50031584805160
50053359796520,MX,2699.00 MXN,in stock,https://almighty.tools/es-mx/products/the-almighty-ruler-pro-2-0?variant=50053359796520
50053359796520,AR,224850.00 ARS,in stock,https://almighty.tools/es-ar/products/the-almighty-ruler-pro-2-0?variant=50053359796520
50053359796520,CO,555000.00 COP,in stock,https://almighty.tools/es-co/products/the-almighty-ruler-pro-2-0?variant=50053359796520
50053359796520,CL,142500.00 CLP,in stock,https://almighty.tools/es-cl/products/the-almighty-ruler-pro-2-0?variant=50053359796520
50053359796520,GB,149.90 GBP,in stock,https://almighty.tools/products/the-almighty-ruler-pro-2-0?variant=50053359796520&currency=GBP
50053359796520,AU,149.90 USD,in stock,https://almighty.tools/products/the-almighty-ruler-pro-2-0?variant=50053359796520
50053359796520,CA,149.90 USD,in stock,https://almighty.tools/products/the-almighty-ruler-pro-2-0?variant=50053359796520
50058124722472,MX,1331.00 MXN,in stock,https://almighty.tools/es-mx/products/the-almighty-powerhub?variant=50058124722472
50058124722472,AR,110850.00 ARS,in stock,https://almighty.tools/es-ar/products/the-almighty-powerhub?variant=50058124722472
50058124722472,CO,274000.00 COP,in stock,https://almighty.tools/es-co/products/the-almighty-powerhub?variant=50058124722472
50058124722472,CL,70300.00 CLP,in stock,https://almighty.tools/es-cl/products/the-almighty-powerhub?variant=50058124722472
50058124722472,GB,73.90 GBP,in stock,https://almighty.tools/products/the-almighty-powerhub?variant=50058124722472&currency=GBP
50058124722472,AU,73.90 USD,in stock,https://almighty.tools/products/the-almighty-powerhub?variant=50058124722472
50058124722472,CA,73.90 USD,in stock,https://almighty.tools/products/the-almighty-powerhub?variant=50058124722472
50058124755240,MX,1331.00 MXN,in stock,https://almighty.tools/es-mx/products/the-almighty-powerhub?variant=50058124755240
50058124755240,AR,110850.00 ARS,in stock,https://almighty.tools/es-ar/products/the-almighty-powerhub?variant=50058124755240
50058124755240,CO,274000.00 COP,in stock,https://almighty.tools/es-co/products/the-almighty-powerhub?variant=50058124755240
50058124755240,CL,70300.00 CLP,in stock,https://almighty.tools/es-cl/products/the-almighty-powerhub?variant=50058124755240
50058124755240,GB,73.90 GBP,in stock,https://almighty.tools/products/the-almighty-powerhub?variant=50058124755240&currency=GBP
50058124755240,AU,73.90 USD,in stock,https://almighty.tools/products/the-almighty-powerhub?variant=50058124755240
50058124755240,CA,73.90 USD,in stock,https://almighty.tools/products/the-almighty-powerhub?variant=50058124755240
50080391495976,MX,1187.00 MXN,in stock,https://almighty.tools/es-mx/products/the-almighty-flashlight-pro?variant=50080391495976
50080391495976,AR,98850.00 ARS,in stock,https://almighty.tools/es-ar/products/the-almighty-flashlight-pro?variant=50080391495976
50080391495976,CO,244000.00 COP,in stock,https://almighty.tools/es-co/products/the-almighty-flashlight-pro?variant=50080391495976
50080391495976,CL,62700.00 CLP,in stock,https://almighty.tools/es-cl/products/the-almighty-flashlight-pro?variant=50080391495976
50080391495976,GB,65.90 GBP,in stock,https://almighty.tools/products/the-almighty-flashlight-pro?variant=50080391495976&currency=GBP
50080391495976,AU,65.90 USD,in stock,https://almighty.tools/products/the-almighty-flashlight-pro?variant=50080391495976
50080391495976,CA,65.90 USD,in stock,https://almighty.tools/products/the-almighty-flashlight-pro?variant=50080391495976
50785450328360,MX,827.00 MXN,in stock,https://almighty.tools/es-mx/products/the-almighty-flashlight-duo?variant=50785450328360
50785450328360,AR,68850.00 ARS,in stock,https://almighty.tools/es-ar/products/the-almighty-flashlight-duo?variant=50785450328360
50785450328360,CO,170000.00 COP,in stock,https://almighty.tools/es-co/products/the-almighty-flashlight-duo?variant=50785450328360
50785450328360,CL,43700.00 CLP,in stock,https://almighty.tools/es-cl/products/the-almighty-flashlight-duo?variant=50785450328360
50785450328360,GB,45.90 GBP,in stock,https://almighty.tools/products/the-almighty-flashlight-duo?variant=50785450328360&currency=GBP
50785450328360,AU,45.90 USD,in stock,https://almighty.tools/products/the-almighty-flashlight-duo?variant=50785450328360
50785450328360,CA,45.90 USD,in stock,https://almighty.tools/products/the-almighty-flashlight-duo?variant=50785450328360
50785450361128,MX,1570.00 MXN,in stock,https://almighty.tools/es-mx/products/the-almighty-flashlight-duo?variant=50785450361128
50785450361128,AR,130815.00 ARS,in stock,https://almighty.tools/es-ar/products/the-almighty-flashlight-duo?variant=50785450361128
50785450361128,CO,323000.00 COP,in stock,https://almighty.tools/es-co/products/the-almighty-flashlight-duo?variant=50785450361128
50785450361128,CL,82900.00 CLP,in stock,https://almighty.tools/es-cl/products/the-almighty-flashlight-duo?variant=50785450361128
50785450361128,GB,87.21 GBP,in stock,https://almighty.tools/products/the-almighty-flashlight-duo?variant=50785450361128&currency=GBP
50785450361128,AU,87.21 USD,in stock,https://almighty.tools/products/the-almighty-flashlight-duo?variant=50785450361128
50785450361128,CA,87.21 USD,in stock,https://almighty.tools/products/the-almighty-flashlight-duo?variant=50785450361128
50785450393896,MX,2306.00 MXN,in stock,https://almighty.tools/es-mx/products/the-almighty-flashlight-duo?variant=50785450393896
50785450393896,AR,192090.00 ARS,in stock,https://almighty.tools/es-ar/products/the-almighty-flashlight-duo?variant=50785450393896
50785450393896,CO,474000.00 COP,in stock,https://almighty.tools/es-co/products/the-almighty-flashlight-duo?variant=50785450393896
50785450393896,CL,121700.00 CLP,in stock,https://almighty.tools/es-cl/products/the-almighty-flashlight-duo?variant=50785450393896
50785450393896,GB,128.06 GBP,in stock,https://almighty.tools/products/the-almighty-flashlight-duo?variant=50785450393896&currency=GBP
50785450393896,AU,128.06 USD,in stock,https://almighty.tools/products/the-almighty-flashlight-duo?variant=50785450393896
50785450393896,CA,128.06 USD,in stock,https://almighty.tools/products/the-almighty-flashlight-duo?variant=50785450393896
50785450426664,MX,2909.00 MXN,in stock,https://almighty.tools/es-mx/products/the-almighty-flashlight-duo?variant=50785450426664
50785450426664,AR,242355.00 ARS,in stock,https://almighty.tools/es-ar/products/the-almighty-flashlight-duo?variant=50785450426664
50785450426664,CO,598000.00 COP,in stock,https://almighty.tools/es-co/products/the-almighty-flashlight-duo?variant=50785450426664
50785450426664,CL,153500.00 CLP,in stock,https://almighty.tools/es-cl/products/the-almighty-flashlight-duo?variant=50785450426664
50785450426664,GB,161.57 GBP,in stock,https://almighty.tools/products/the-almighty-flashlight-duo?variant=50785450426664&currency=GBP
50785450426664,AU,161.57 USD,in stock,https://almighty.tools/products/the-almighty-flashlight-duo?variant=50785450426664
50785450426664,CA,161.57 USD,in stock,https://almighty.tools/products/the-almighty-flashlight-duo?variant=50785450426664
50108335096104,MX,683.00 MXN,in stock,https://almighty.tools/es-mx/products/the-almighty-flashlight-ultra?variant=50108335096104
50108335096104,AR,56850.00 ARS,in stock,https://almighty.tools/es-ar/products/the-almighty-flashlight-ultra?variant=50108335096104
50108335096104,CO,141000.00 COP,in stock,https://almighty.tools/es-co/products/the-almighty-flashlight-ultra?variant=50108335096104
50108335096104,CL,36100.00 CLP,in stock,https://almighty.tools/es-cl/products/the-almighty-flashlight-ultra?variant=50108335096104
50108335096104,GB,37.90 GBP,in stock,https://almighty.tools/products/the-almighty-flashlight-ultra?variant=50108335096104&currency=GBP
50108335096104,AU,37.90 USD,in stock,https://almighty.tools/products/the-almighty-flashlight-ultra?variant=50108335096104
50108335096104,CA,37.90 USD,in stock,https://almighty.tools/products/the-almighty-flashlight-ultra?variant=50108335096104
50120712028456,MX,809.00 MXN,in stock,https://almighty.tools/es-mx/products/the-almighty-flashlight-min?variant=50120712028456
50120712028456,AR,67350.00 ARS,in stock,https://almighty.tools/es-ar/products/the-almighty-flashlight-min?variant=50120712028456
50120712028456,CO,167000.00 COP,in stock,https://almighty.tools/es-co/products/the-almighty-flashlight-min?variant=50120712028456
50120712028456,CL,42700.00 CLP,in stock,https://almighty.tools/es-cl/products/the-almighty-flashlight-min?variant=50120712028456
50120712028456,GB,44.90 GBP,in stock,https://almighty.tools/products/the-almighty-flashlight-min?variant=50120712028456&currency=GBP
50120712028456,AU,44.90 USD,in stock,https://almighty.tools/products/the-almighty-flashlight-min?variant=50120712028456
50120712028456,CA,44.90 USD,in stock,https://almighty.tools/products/the-almighty-flashlight-min?variant=50120712028456
50120712061224,MX,809.00 MXN,in stock,https://almighty.tools/es-mx/products/the-almighty-flashlight-min?variant=50120712061224
50120712061224,AR,67350.00 ARS,in stock,https://almighty.tools/es-ar/products/the-almighty-flashlight-min?variant=50120712061224
50120712061224,CO,167000.00 COP,in stock,https://almighty.tools/es-co/products/the-almighty-flashlight-min?variant=50120712061224
50120712061224,CL,42700.00 CLP,in stock,https://almighty.tools/es-cl/products/the-almighty-flashlight-min?variant=50120712061224
50120712061224,GB,44.90 GBP,in stock,https://almighty.tools/products/the-almighty-flashlight-min?variant=50120712061224&currency=GBP
50120712061224,AU,44.90 USD,in stock,https://almighty.tools/products/the-almighty-flashlight-min?variant=50120712061224
50120712061224,CA,44.90 USD,in stock,https://almighty.tools/products/the-almighty-flashlight-min?variant=50120712061224
50120407056680,MX,629.00 MXN,in stock,https://almighty.tools/es-mx/products/the-almighty-cyber-headlamp?variant=50120407056680
50120407056680,AR,52350.00 ARS,in stock,https://almighty.tools/es-ar/products/the-almighty-cyber-headlamp?variant=50120407056680
50120407056680,CO,130000.00 COP,in stock,https://almighty.tools/es-co/products/the-almighty-cyber-headlamp?variant=50120407056680
50120407056680,CL,33200.00 CLP,in stock,https://almighty.tools/es-cl/products/the-almighty-cyber-headlamp?variant=50120407056680
50120407056680,GB,34.90 GBP,in stock,https://almighty.tools/products/the-almighty-cyber-headlamp?variant=50120407056680&currency=GBP
50120407056680,AU,34.90 USD,in stock,https://almighty.tools/products/the-almighty-cyber-headlamp?variant=50120407056680
50120407056680,CA,34.90 USD,in stock,https://almighty.tools/products/the-almighty-cyber-headlamp?variant=50120407056680
50128660988200,MX,1242.00 MXN,in stock,https://almighty.tools/es-mx/products/the-almighty-ruler-f?variant=50128660988200
50128660988200,AR,103425.00 ARS,in stock,https://almighty.tools/es-ar/products/the-almighty-ruler-f?variant=50128660988200
50128660988200,CO,256000.00 COP,in stock,https://almighty.tools/es-co/products/the-almighty-ruler-f?variant=50128660988200
50128660988200,CL,65600.00 CLP,in stock,https://almighty.tools/es-cl/products/the-almighty-ruler-f?variant=50128660988200
50128660988200,GB,68.95 GBP,in stock,https://almighty.tools/products/the-almighty-ruler-f?variant=50128660988200&currency=GBP
50128660988200,AU,68.95 USD,in stock,https://almighty.tools/products/the-almighty-ruler-f?variant=50128660988200
50128660988200,CA,68.95 USD,in stock,https://almighty.tools/products/the-almighty-ruler-f?variant=50128660988200
50128661020968,MX,1440.00 MXN,in stock,https://almighty.tools/es-mx/products/the-almighty-ruler-f?variant=50128661020968
50128661020968,AR,119925.00 ARS,in stock,https://almighty.tools/es-ar/products/the-almighty-ruler-f?variant=50128661020968
50128661020968,CO,296000.00 COP,in stock,https://almighty.tools/es-co/products/the-almighty-ruler-f?variant=50128661020968
50128661020968,CL,76000.00 CLP,in stock,https://almighty.tools/es-cl/products/the-almighty-ruler-f?variant=50128661020968
50128661020968,GB,79.95 GBP,in stock,https://almighty.tools/products/the-almighty-ruler-f?variant=50128661020968&currency=GBP
50128661020968,AU,79.95 USD,in stock,https://almighty.tools/products/the-almighty-ruler-f?variant=50128661020968
50128661020968,CA,79.95 USD,in stock,https://almighty.tools/products/the-almighty-ruler-f?variant=50128661020968
50128661053736,MX,1242.00 MXN,in stock,https://almighty.tools/es-mx/products/the-almighty-ruler-f?variant=50128661053736
50128661053736,AR,103425.00 ARS,in stock,https://almighty.tools/es-ar/products/the-almighty-ruler-f?variant=50128661053736
50128661053736,CO,256000.00 COP,in stock,https://almighty.tools/es-co/products/the-almighty-ruler-f?variant=50128661053736
50128661053736,CL,65600.00 CLP,in stock,https://almighty.tools/es-cl/products/the-almighty-ruler-f?variant=50128661053736
50128661053736,GB,68.95 GBP,in stock,https://almighty.tools/products/the-almighty-ruler-f?variant=50128661053736&currency=GBP
50128661053736,AU,68.95 USD,in stock,https://almighty.tools/products/the-almighty-ruler-f?variant=50128661053736
50128661053736,CA,68.95 USD,in stock,https://almighty.tools/products/the-almighty-ruler-f?variant=50128661053736
50128661086504,MX,1440.00 MXN,in stock,https://almighty.tools/es-mx/products/the-almighty-ruler-f?variant=50128661086504
50128661086504,AR,119925.00 ARS,in stock,https://almighty.tools/es-ar/products/the-almighty-ruler-f?variant=50128661086504
50128661086504,CO,296000.00 COP,in stock,https://almighty.tools/es-co/products/the-almighty-ruler-f?variant=50128661086504
50128661086504,CL,76000.00 CLP,in stock,https://almighty.tools/es-cl/products/the-almighty-ruler-f?variant=50128661086504
50128661086504,GB,79.95 GBP,in stock,https://almighty.tools/products/the-almighty-ruler-f?variant=50128661086504&currency=GBP
50128661086504,AU,79.95 USD,in stock,https://almighty.tools/products/the-almighty-ruler-f?variant=50128661086504
50128661086504,CA,79.95 USD,in stock,https://almighty.tools/products/the-almighty-ruler-f?variant=50128661086504
50808691917096,MX,1350.00 MXN,in stock,https://almighty.tools/es-mx/products/the-almighty-ruler-f?variant=50808691917096
50808691917096,AR,112485.00 ARS,in stock,https://almighty.tools/es-ar/products/the-almighty-ruler-f?variant=50808691917096
50808691917096,CO,278000.00 COP,in stock,https://almighty.tools/es-co/products/the-almighty-ruler-f?variant=50808691917096
50808691917096,CL,71300.00 CLP,in stock,https://almighty.tools/es-cl/products/the-almighty-ruler-f?variant=50808691917096
50808691917096,GB,74.99 GBP,in stock,https://almighty.tools/products/the-almighty-ruler-f?variant=50808691917096&currency=GBP
50808691917096,AU,74.99 USD,in stock,https://almighty.tools/products/the-almighty-ruler-f?variant=50808691917096
50808691917096,CA,74.99 USD,in stock,https://almighty.tools/products/the-almighty-ruler-f?variant=50808691917096
50808691949864,MX,1530.00 MXN,in stock,https://almighty.tools/es-mx/products/the-almighty-ruler-f?variant=50808691949864
50808691949864,AR,127485.00 ARS,in stock,https://almighty.tools/es-ar/products/the-almighty-ruler-f?variant=50808691949864
50808691949864,CO,315000.00 COP,in stock,https://almighty.tools/es-co/products/the-almighty-ruler-f?variant=50808691949864
50808691949864,CL,80800.00 CLP,in stock,https://almighty.tools/es-cl/products/the-almighty-ruler-f?variant=50808691949864
50808691949864,GB,84.99 GBP,in stock,https://almighty.tools/products/the-almighty-ruler-f?variant=50808691949864&currency=GBP
50808691949864,AU,84.99 USD,in stock,https://almighty.tools/products/the-almighty-ruler-f?variant=50808691949864
50808691949864,CA,84.99 USD,in stock,https://almighty.tools/products/the-almighty-ruler-f?variant=50808691949864
50147771220264,MX,1080.00 MXN,in stock,https://almighty.tools/es-mx/products/the-almighty-solar-power-bank?variant=50147771220264
50147771220264,AR,89985.00 ARS,in stock,https://almighty.tools/es-ar/products/the-almighty-solar-power-bank?variant=50147771220264
50147771220264,CO,222000.00 COP,in stock,https://almighty.tools/es-co/products/the-almighty-solar-power-bank?variant=50147771220264
50147771220264,CL,57000.00 CLP,in stock,https://almighty.tools/es-cl/products/the-almighty-solar-power-bank?variant=50147771220264
50147771220264,GB,59.99 GBP,in stock,https://almighty.tools/products/the-almighty-solar-power-bank?variant=50147771220264&currency=GBP
50147771220264,AU,59.99 USD,in stock,https://almighty.tools/products/the-almighty-solar-power-bank?variant=50147771220264
50147771220264,CA,59.99 USD,in stock,https://almighty.tools/products/the-almighty-solar-power-bank?variant=50147771220264
50147771253032,MX,1080.00 MXN,in stock,https://almighty.tools/es-mx/products/the-almighty-solar-power-bank?variant=50147771253032
50147771253032,AR,89985.00 ARS,in stock,https://almighty.tools/es-ar/products/the-almighty-solar-power-bank?variant=50147771253032
50147771253032,CO,222000.00 COP,in stock,https://almighty.tools/es-co/products/the-almighty-solar-power-bank?variant=50147771253032
50147771253032,CL,57000.00 CLP,in stock,https://almighty.tools/es-cl/products/the-almighty-solar-power-bank?variant=50147771253032
50147771253032,GB,59.99 GBP,in stock,https://almighty.tools/products/the-almighty-solar-power-bank?variant=50147771253032&currency=GBP
50147771253032,AU,59.99 USD,in stock,https://almighty.tools/products/the-almighty-solar-power-bank?variant=50147771253032
50147771253032,CA,59.99 USD,in stock,https://almighty.tools/products/the-almighty-solar-power-bank?variant=50147771253032
50143662866728,MX,3383.00 MXN,out of stock,https://almighty.tools/es-mx/products/the-almighty-backpack?variant=50143662866728
50143662866728,AR,281850.00 ARS,out of stock,https://almighty.tools/es-ar/products/the-almighty-backpack?variant=50143662866728
50143662866728,CO,696000.00 COP,out of stock,https://almighty.tools/es-co/products/the-almighty-backpack?variant=50143662866728
50143662866728,CL,178600.00 CLP,out of stock,https://almighty.tools/es-cl/products/the-almighty-backpack?variant=50143662866728
50143662866728,GB,187.90 GBP,out of stock,https://almighty.tools/products/the-almighty-backpack?variant=50143662866728&currency=GBP
50143662866728,AU,187.90 USD,out of stock,https://almighty.tools/products/the-almighty-backpack?variant=50143662866728
50143662866728,CA,187.90 USD,out of stock,https://almighty.tools/products/the-almighty-backpack?variant=50143662866728
50151522468136,MX,1511.00 MXN,in stock,https://almighty.tools/es-mx/products/the-almighty-ruler-20?variant=50151522468136
50151522468136,AR,125850.00 ARS,in stock,https://almighty.tools/es-ar/products/the-almighty-ruler-20?variant=50151522468136
50151522468136,CO,311000.00 COP,in stock,https://almighty.tools/es-co/products/the-almighty-ruler-20?variant=50151522468136
50151522468136,CL,79800.00 CLP,in stock,https://almighty.tools/es-cl/products/the-almighty-ruler-20?variant=50151522468136
50151522468136,GB,83.90 GBP,in stock,https://almighty.tools/products/the-almighty-ruler-20?variant=50151522468136&currency=GBP
50151522468136,AU,83.90 USD,in stock,https://almighty.tools/products/the-almighty-ruler-20?variant=50151522468136
50151522468136,CA,83.90 USD,in stock,https://almighty.tools/products/the-almighty-ruler-20?variant=50151522468136
50287180874024,MX,809.00 MXN,in stock,https://almighty.tools/es-mx/products/the-almighty-flexihold?variant=50287180874024
50287180874024,AR,67350.00 ARS,in stock,https://almighty.tools/es-ar/products/the-almighty-flexihold?variant=50287180874024
50287180874024,CO,167000.00 COP,in stock,https://almighty.tools/es-co/products/the-almighty-flexihold?variant=50287180874024
50287180874024,CL,42700.00 CLP,in stock,https://almighty.tools/es-cl/products/the-almighty-flexihold?variant=50287180874024
50287180874024,GB,44.90 GBP,in stock,https://almighty.tools/products/the-almighty-flexihold?variant=50287180874024&currency=GBP
50287180874024,AU,44.90 USD,in stock,https://almighty.tools/products/the-almighty-flexihold?variant=50287180874024
50287180874024,CA,44.90 USD,in stock,https://almighty.tools/products/the-almighty-flexihold?variant=50287180874024
50292856193320,MX,1439.00 MXN,in stock,https://almighty.tools/es-mx/products/the-almighty-boots?variant=50292856193320
50292856193320,AR,119850.00 ARS,in stock,https://almighty.tools/es-ar/products/the-almighty-boots?variant=50292856193320
50292856193320,CO,296000.00 COP,in stock,https://almighty.tools/es-co/products/the-almighty-boots?variant=50292856193320
50292856193320,CL,76000.00 CLP,in stock,https://almighty.tools/es-cl/products/the-almighty-boots?variant=50292856193320
50292856193320,GB,79.90 GBP,in stock,https://almighty.tools/products/the-almighty-boots?variant=50292856193320&currency=GBP
50292856193320,AU,79.90 USD,in stock,https://almighty.tools/products/the-almighty-boots?variant=50292856193320
50292856193320,CA,79.90 USD,in stock,https://almighty.tools/products/the-almighty-boots?variant=50292856193320
50292856226088,MX,1439.00 MXN,in stock,https://almighty.tools/es-mx/products/the-almighty-boots?variant=50292856226088
50292856226088,AR,119850.00 ARS,in stock,https://almighty.tools/es-ar/products/the-almighty-boots?variant=50292856226088
50292856226088,CO,296000.00 COP,in stock,https://almighty.tools/es-co/products/the-almighty-boots?variant=50292856226088
50292856226088,CL,76000.00 CLP,in stock,https://almighty.tools/es-cl/products/the-almighty-boots?variant=50292856226088
50292856226088,GB,79.90 GBP,in stock,https://almighty.tools/products/the-almighty-boots?variant=50292856226088&currency=GBP
50292856226088,AU,79.90 USD,in stock,https://almighty.tools/products/the-almighty-boots?variant=50292856226088
50292856226088,CA,79.90 USD,in stock,https://almighty.tools/products/the-almighty-boots?variant=50292856226088
50292856258856,MX,1439.00 MXN,in stock,https://almighty.tools/es-mx/products/the-almighty-boots?variant=50292856258856
50292856258856,AR,119850.00 ARS,in stock,https://almighty.tools/es-ar/products/the-almighty-boots?variant=50292856258856
50292856258856,CO,296000.00 COP,in stock,https://almighty.tools/es-co/products/the-almighty-boots?variant=50292856258856
50292856258856,CL,76000.00 CLP,in stock,https://almighty.tools/es-cl/products/the-almighty-boots?variant=50292856258856
50292856258856,GB,79.90 GBP,in stock,https://almighty.tools/products/the-almighty-boots?variant=50292856258856&currency=GBP
50292856258856,AU,79.90 USD,in stock,https://almighty.tools/products/the-almighty-boots?variant=50292856258856
50292856258856,CA,79.90 USD,in stock,https://almighty.tools/products/the-almighty-boots?variant=50292856258856
50292856291624,MX,1439.00 MXN,in stock,https://almighty.tools/es-mx/products/the-almighty-boots?variant=50292856291624
50292856291624,AR,119850.00 ARS,in stock,https://almighty.tools/es-ar/products/the-almighty-boots?variant=50292856291624
50292856291624,CO,296000.00 COP,in stock,https://almighty.tools/es-co/products/the-almighty-boots?variant=50292856291624
50292856291624,CL,76000.00 CLP,in stock,https://almighty.tools/es-cl/products/the-almighty-boots?variant=50292856291624
50292856291624,GB,79.90 GBP,in stock,https://almighty.tools/products/the-almighty-boots?variant=50292856291624&currency=GBP
50292856291624,AU,79.90 USD,in stock,https://almighty.tools/products/the-almighty-boots?variant=50292856291624
50292856291624,CA,79.90 USD,in stock,https://almighty.tools/products/the-almighty-boots?variant=50292856291624
50292856324392,MX,1439.00 MXN,in stock,https://almighty.tools/es-mx/products/the-almighty-boots?variant=50292856324392
50292856324392,AR,119850.00 ARS,in stock,https://almighty.tools/es-ar/products/the-almighty-boots?variant=50292856324392
50292856324392,CO,296000.00 COP,in stock,https://almighty.tools/es-co/products/the-almighty-boots?variant=50292856324392
50292856324392,CL,76000.00 CLP,in stock,https://almighty.tools/es-cl/products/the-almighty-boots?variant=50292856324392
50292856324392,GB,79.90 GBP,in stock,https://almighty.tools/products/the-almighty-boots?variant=50292856324392&currency=GBP
50292856324392,AU,79.90 USD,in stock,https://almighty.tools/products/the-almighty-boots?variant=50292856324392
50292856324392,CA,79.90 USD,in stock,https://almighty.tools/products/the-almighty-boots?variant=50292856324392
50292856357160,MX,1439.00 MXN,in stock,https://almighty.tools/es-mx/products/the-almighty-boots?variant=50292856357160
50292856357160,AR,119850.00 ARS,in stock,https://almighty.tools/es-ar/products/the-almighty-boots?variant=50292856357160
50292856357160,CO,296000.00 COP,in stock,https://almighty.tools/es-co/products/the-almighty-boots?variant=50292856357160
50292856357160,CL,76000.00 CLP,in stock,https://almighty.tools/es-cl/products/the-almighty-boots?variant=50292856357160
50292856357160,GB,79.90 GBP,in stock,https://almighty.tools/products/the-almighty-boots?variant=50292856357160&currency=GBP
50292856357160,AU,79.90 USD,in stock,https://almighty.tools/products/the-almighty-boots?variant=50292856357160
50292856357160,CA,79.90 USD,in stock,https://almighty.tools/products/the-almighty-boots?variant=50292856357160
50292856389928,MX,1439.00 MXN,in stock,https://almighty.tools/es-mx/products/the-almighty-boots?variant=50292856389928
50292856389928,AR,119850.00 ARS,in stock,https://almighty.tools/es-ar/products/the-almighty-boots?variant=50292856389928
50292856389928,CO,296000.00 COP,in stock,https://almighty.tools/es-co/products/the-almighty-boots?variant=50292856389928
50292856389928,CL,76000.00 CLP,in stock,https://almighty.tools/es-cl/products/the-almighty-boots?variant=50292856389928
50292856389928,GB,79.90 GBP,in stock,https://almighty.tools/products/the-almighty-boots?variant=50292856389928&currency=GBP
50292856389928,AU,79.90 USD,in stock,https://almighty.tools/products/the-almighty-boots?variant=50292856389928
50292856389928,CA,79.90 USD,in stock,https://almighty.tools/products/the-almighty-boots?variant=50292856389928
50351543648552,MX,629.00 MXN,in stock,https://almighty.tools/es-mx/products/the-almighty-ruler-iron-edition?variant=50351543648552
50351543648552,AR,52350.00 ARS,in stock,https://almighty.tools/es-ar/products/the-almighty-ruler-iron-edition?variant=50351543648552
50351543648552,CO,130000.00 COP,in stock,https://almighty.tools/es-co/products/the-almighty-ruler-iron-edition?variant=50351543648552
50351543648552,CL,33200.00 CLP,in stock,https://almighty.tools/es-cl/products/the-almighty-ruler-iron-edition?variant=50351543648552
50351543648552,GB,34.90 GBP,in stock,https://almighty.tools/products/the-almighty-ruler-iron-edition?variant=50351543648552&currency=GBP
50351543648552,AU,34.90 USD,in stock,https://almighty.tools/products/the-almighty-ruler-iron-edition?variant=50351543648552
50351543648552,CA,34.90 USD,in stock,https://almighty.tools/products/the-almighty-ruler-iron-edition?variant=50351543648552
50346935681320,MX,1151.00 MXN,out of stock,https://almighty.tools/es-mx/products/the-almighty-blaster?variant=50346935681320
50346935681320,AR,95850.00 ARS,out of stock,https://almighty.tools/es-ar/products/the-almighty-blaster?variant=50346935681320
50346935681320,CO,237000.00 COP,out of stock,https://almighty.tools/es-co/products/the-almighty-blaster?variant=50346935681320
50346935681320,CL,60800.00 CLP,out of stock,https://almighty.tools/es-cl/products/the-almighty-blaster?variant=50346935681320
50346935681320,GB,63.90 GBP,out of stock,https://almighty.tools/products/the-almighty-blaster?variant=50346935681320&currency=GBP
50346935681320,AU,63.90 USD,out of stock,https://almighty.tools/products/the-almighty-blaster?variant=50346935681320
50346935681320,CA,63.90 USD,out of stock,https://almighty.tools/products/the-almighty-blaster?variant=50346935681320
50346935714088,MX,1151.00 MXN,out of stock,https://almighty.tools/es-mx/products/the-almighty-blaster?variant=50346935714088
50346935714088,AR,95850.00 ARS,out of stock,https://almighty.tools/es-ar/products/the-almighty-blaster?variant=50346935714088
50346935714088,CO,237000.00 COP,out of stock,https://almighty.tools/es-co/products/the-almighty-blaster?variant=50346935714088
50346935714088,CL,60800.00 CLP,out of stock,https://almighty.tools/es-cl/products/the-almighty-blaster?variant=50346935714088
50346935714088,GB,63.90 GBP,out of stock,https://almighty.tools/products/the-almighty-blaster?variant=50346935714088&currency=GBP
50346935714088,AU,63.90 USD,out of stock,https://almighty.tools/products/the-almighty-blaster?variant=50346935714088
50346935714088,CA,63.90 USD,out of stock,https://almighty.tools/products/the-almighty-blaster?variant=50346935714088
50362357154088,MX,2249.00 MXN,in stock,https://almighty.tools/es-mx/products/the-almighty-airbuddy?variant=50362357154088
50362357154088,AR,187350.00 ARS,in stock,https://almighty.tools/es-ar/products/the-almighty-airbuddy?variant=50362357154088
50362357154088,CO,463000.00 COP,in stock,https://almighty.tools/es-co/products/the-almighty-airbuddy?variant=50362357154088
50362357154088,CL,118700.00 CLP,in stock,https://almighty.tools/es-cl/products/the-almighty-airbuddy?variant=50362357154088
50362357154088,GB,124.90 GBP,in stock,https://almighty.tools/products/the-almighty-airbuddy?variant=50362357154088&currency=GBP
50362357154088,AU,124.90 USD,in stock,https://almighty.tools/products/the-almighty-airbuddy?variant=50362357154088
50362357154088,CA,124.90 USD,in stock,https://almighty.tools/products/the-almighty-airbuddy?variant=50362357154088
50373548310824,MX,1889.00 MXN,in stock,https://almighty.tools/es-mx/products/the-almighty-chargestation?variant=50373548310824
50373548310824,AR,157350.00 ARS,in stock,https://almighty.tools/es-ar/products/the-almighty-chargestation?variant=50373548310824
50373548310824,CO,389000.00 COP,in stock,https://almighty.tools/es-co/products/the-almighty-chargestation?variant=50373548310824
50373548310824,CL,99700.00 CLP,in stock,https://almighty.tools/es-cl/products/the-almighty-chargestation?variant=50373548310824
50373548310824,GB,104.90 GBP,in stock,https://almighty.tools/products/the-almighty-chargestation?variant=50373548310824&currency=GBP
50373548310824,AU,104.90 USD,in stock,https://almighty.tools/products/the-almighty-chargestation?variant=50373548310824
50373548310824,CA,104.90 USD,in stock,https://almighty.tools/products/the-almighty-chargestation?variant=50373548310824
50396674818344,MX,1979.00 MXN,in stock,https://almighty.tools/es-mx/products/the-almighty-dustbuster-20?variant=50396674818344
50396674818344,AR,164850.00 ARS,in stock,https://almighty.tools/es-ar/products/the-almighty-dustbuster-20?variant=50396674818344
50396674818344,CO,407000.00 COP,in stock,https://almighty.tools/es-co/products/the-almighty-dustbuster-20?variant=50396674818344
50396674818344,CL,104500.00 CLP,in stock,https://almighty.tools/es-cl/products/the-almighty-dustbuster-20?variant=50396674818344
50396674818344,GB,109.90 GBP,in stock,https://almighty.tools/products/the-almighty-dustbuster-20?variant=50396674818344&currency=GBP
50396674818344,AU,109.90 USD,in stock,https://almighty.tools/products/the-almighty-dustbuster-20?variant=50396674818344
50396674818344,CA,109.90 USD,in stock,https://almighty.tools/products/the-almighty-dustbuster-20?variant=50396674818344
50423263133992,MX,2321.00 MXN,in stock,https://almighty.tools/es-mx/products/the-almighty-360-level?variant=50423263133992
50423263133992,AR,193350.00 ARS,in stock,https://almighty.tools/es-ar/products/the-almighty-360-level?variant=50423263133992
50423263133992,CO,477000.00 COP,in stock,https://almighty.tools/es-co/products/the-almighty-360-level?variant=50423263133992
50423263133992,CL,122500.00 CLP,in stock,https://almighty.tools/es-cl/products/the-almighty-360-level?variant=50423263133992
50423263133992,GB,128.90 GBP,in stock,https://almighty.tools/products/the-almighty-360-level?variant=50423263133992&currency=GBP
50423263133992,AU,128.90 USD,in stock,https://almighty.tools/products/the-almighty-360-level?variant=50423263133992
50423263133992,CA,128.90 USD,in stock,https://almighty.tools/products/the-almighty-360-level?variant=50423263133992
50440808530216,MX,953.00 MXN,in stock,https://almighty.tools/es-mx/products/the-almighty-hurricane?variant=50440808530216
50440808530216,AR,79350.00 ARS,in stock,https://almighty.tools/es-ar/products/the-almighty-hurricane?variant=50440808530216
50440808530216,CO,196000.00 COP,in stock,https://almighty.tools/es-co/products/the-almighty-hurricane?variant=50440808530216
50440808530216,CL,50300.00 CLP,in stock,https://almighty.tools/es-cl/products/the-almighty-hurricane?variant=50440808530216
50440808530216,GB,52.90 GBP,in stock,https://almighty.tools/products/the-almighty-hurricane?variant=50440808530216&currency=GBP
50440808530216,AU,52.90 USD,in stock,https://almighty.tools/products/the-almighty-hurricane?variant=50440808530216
50440808530216,CA,52.90 USD,in stock,https://almighty.tools/products/the-almighty-hurricane?variant=50440808530216
50459601568040,MX,989.00 MXN,in stock,https://almighty.tools/es-mx/products/the-almighty-ratchet-wrench-set-42-in-1?variant=50459601568040
50459601568040,AR,82350.00 ARS,in stock,https://almighty.tools/es-ar/products/the-almighty-ratchet-wrench-set-42-in-1?variant=50459601568040
50459601568040,CO,204000.00 COP,in stock,https://almighty.tools/es-co/products/the-almighty-ratchet-wrench-set-42-in-1?variant=50459601568040
50459601568040,CL,52200.00 CLP,in stock,https://almighty.tools/es-cl/products/the-almighty-ratchet-wrench-set-42-in-1?variant=50459601568040
50459601568040,GB,54.90 GBP,in stock,https://almighty.tools/products/the-almighty-ratchet-wrench-set-42-in-1?variant=50459601568040&currency=GBP
50459601568040,AU,54.90 USD,in stock,https://almighty.tools/products/the-almighty-ratchet-wrench-set-42-in-1?variant=50459601568040
50459601568040,CA,54.90 USD,in stock,https://almighty.tools/products/the-almighty-ratchet-wrench-set-42-in-1?variant=50459601568040
50459601600808,MX,989.00 MXN,in stock,https://almighty.tools/es-mx/products/the-almighty-ratchet-wrench-set-42-in-1?variant=50459601600808
50459601600808,AR,82350.00 ARS,in stock,https://almighty.tools/es-ar/products/the-almighty-ratchet-wrench-set-42-in-1?variant=50459601600808
50459601600808,CO,204000.00 COP,in stock,https://almighty.tools/es-co/products/the-almighty-ratchet-wrench-set-42-in-1?variant=50459601600808
50459601600808,CL,52200.00 CLP,in stock,https://almighty.tools/es-cl/products/the-almighty-ratchet-wrench-set-42-in-1?variant=50459601600808
50459601600808,GB,54.90 GBP,in stock,https://almighty.tools/products/the-almighty-ratchet-wrench-set-42-in-1?variant=50459601600808&currency=GBP
50459601600808,AU,54.90 USD,in stock,https://almighty.tools/products/the-almighty-ratchet-wrench-set-42-in-1?variant=50459601600808
50459601600808,CA,54.90 USD,in stock,https://almighty.tools/products/the-almighty-ratchet-wrench-set-42-in-1?variant=50459601600808
50641515905320,MX,3743.00 MXN,out of stock,https://almighty.tools/es-mx/products/the-almighty-fixer?variant=50641515905320
50641515905320,AR,311850.00 ARS,out of stock,https://almighty.tools/es-ar/products/the-almighty-fixer?variant=50641515905320
50641515905320,CO,770000.00 COP,out of stock,https://almighty.tools/es-co/products/the-almighty-fixer?variant=50641515905320
50641515905320,CL,197600.00 CLP,out of stock,https://almighty.tools/es-cl/products/the-almighty-fixer?variant=50641515905320
50641515905320,GB,207.90 GBP,out of stock,https://almighty.tools/products/the-almighty-fixer?variant=50641515905320&currency=GBP
50641515905320,AU,207.90 USD,out of stock,https://almighty.tools/products/the-almighty-fixer?variant=50641515905320
50641515905320,CA,207.90 USD,out of stock,https://almighty.tools/products/the-almighty-fixer?variant=50641515905320
50641515938088,MX,3743.00 MXN,in stock,https://almighty.tools/es-mx/products/the-almighty-fixer?variant=50641515938088
50641515938088,AR,311850.00 ARS,in stock,https://almighty.tools/es-ar/products/the-almighty-fixer?variant=50641515938088
50641515938088,CO,770000.00 COP,in stock,https://almighty.tools/es-co/products/the-almighty-fixer?variant=50641515938088
50641515938088,CL,197600.00 CLP,in stock,https://almighty.tools/es-cl/products/the-almighty-fixer?variant=50641515938088
50641515938088,GB,207.90 GBP,in stock,https://almighty.tools/products/the-almighty-fixer?variant=50641515938088&currency=GBP
50641515938088,AU,207.90 USD,in stock,https://almighty.tools/products/the-almighty-fixer?variant=50641515938088
50641515938088,CA,207.90 USD,in stock,https://almighty.tools/products/the-almighty-fixer?variant=50641515938088
50619044987176,MX,1493.00 MXN,in stock,https://almighty.tools/es-mx/products/the-almighty-tape-measure?variant=50619044987176
50619044987176,AR,124350.00 ARS,in stock,https://almighty.tools/es-ar/products/the-almighty-tape-measure?variant=50619044987176
50619044987176,CO,307000.00 COP,in stock,https://almighty.tools/es-co/products/the-almighty-tape-measure?variant=50619044987176
50619044987176,CL,78800.00 CLP,in stock,https://almighty.tools/es-cl/products/the-almighty-tape-measure?variant=50619044987176
50619044987176,GB,82.90 GBP,in stock,https://almighty.tools/products/the-almighty-tape-measure?variant=50619044987176&currency=GBP
50619044987176,AU,82.90 USD,in stock,https://almighty.tools/products/the-almighty-tape-measure?variant=50619044987176
50619044987176,CA,82.90 USD,in stock,https://almighty.tools/products/the-almighty-tape-measure?variant=50619044987176
50487335551272,MX,611.00 MXN,in stock,https://almighty.tools/es-mx/products/the-almighty-leveler?variant=50487335551272
50487335551272,AR,50850.00 ARS,in stock,https://almighty.tools/es-ar/products/the-almighty-leveler?variant=50487335551272
50487335551272,CO,126000.00 COP,in stock,https://almighty.tools/es-co/products/the-almighty-leveler?variant=50487335551272
50487335551272,CL,32300.00 CLP,in stock,https://almighty.tools/es-cl/products/the-almighty-leveler?variant=50487335551272
50487335551272,GB,33.90 GBP,in stock,https://almighty.tools/products/the-almighty-leveler?variant=50487335551272&currency=GBP
50487335551272,AU,33.90 USD,in stock,https://almighty.tools/products/the-almighty-leveler?variant=50487335551272
50487335551272,CA,33.90 USD,in stock,https://almighty.tools/products/the-almighty-leveler?variant=50487335551272
50503554728232,MX,1529.00 MXN,in stock,https://almighty.tools/es-mx/products/the-almighty-dustbuster?variant=50503554728232
50503554728232,AR,127350.00 ARS,in stock,https://almighty.tools/es-ar/products/the-almighty-dustbuster?variant=50503554728232
50503554728232,CO,315000.00 COP,in stock,https://almighty.tools/es-co/products/the-almighty-dustbuster?variant=50503554728232
50503554728232,CL,80700.00 CLP,in stock,https://almighty.tools/es-cl/products/the-almighty-dustbuster?variant=50503554728232
50503554728232,GB,84.90 GBP,in stock,https://almighty.tools/products/the-almighty-dustbuster?variant=50503554728232&currency=GBP
50503554728232,AU,84.90 USD,in stock,https://almighty.tools/products/the-almighty-dustbuster?variant=50503554728232
50503554728232,CA,84.90 USD,in stock,https://almighty.tools/products/the-almighty-dustbuster?variant=50503554728232
51411044172072,MX,1620.00 MXN,in stock,https://almighty.tools/es-mx/products/the-almighty-180in1-screwdriver-set?variant=51411044172072
51411044172072,AR,134985.00 ARS,in stock,https://almighty.tools/es-ar/products/the-almighty-180in1-screwdriver-set?variant=51411044172072
51411044172072,CO,333000.00 COP,in stock,https://almighty.tools/es-co/products/the-almighty-180in1-screwdriver-set?variant=51411044172072
51411044172072,CL,85500.00 CLP,in stock,https://almighty.tools/es-cl/products/the-almighty-180in1-screwdriver-set?variant=51411044172072
51411044172072,GB,89.99 GBP,in stock,https://almighty.tools/products/the-almighty-180in1-screwdriver-set?variant=51411044172072&currency=GBP
51411044172072,AU,89.99 USD,in stock,https://almighty.tools/products/the-almighty-180in1-screwdriver-set?variant=51411044172072
51411044172072,CA,89.99 USD,in stock,https://almighty.tools/products/the-almighty-180in1-screwdriver-set?variant=51411044172072
51411044204840,MX,1800.00 MXN,in stock,https://almighty.tools/es-mx/products/the-almighty-180in1-screwdriver-set?variant=51411044204840
51411044204840,AR,149985.00 ARS,in stock,https://almighty.tools/es-ar/products/the-almighty-180in1-screwdriver-set?variant=51411044204840
51411044204840,CO,370000.00 COP,in stock,https://almighty.tools/es-co/products/the-almighty-180in1-screwdriver-set?variant=51411044204840
51411044204840,CL,95000.00 CLP,in stock,https://almighty.tools/es-cl/products/the-almighty-180in1-screwdriver-set?variant=51411044204840
51411044204840,GB,99.99 GBP,in stock,https://almighty.tools/products/the-almighty-180in1-screwdriver-set?variant=51411044204840&currency=GBP
51411044204840,AU,99.99 USD,in stock,https://almighty.tools/products/the-almighty-180in1-screwdriver-set?variant=51411044204840
51411044204840,CA,99.99 USD,in stock,https://almighty.tools/products/the-almighty-180in1-screwdriver-set?variant=51411044204840
50585409945896,MX,1151.00 MXN,in stock,https://almighty.tools/es-mx/products/the-almighty-rechargeable-digital-level?variant=50585409945896
50585409945896,AR,95850.00 ARS,in stock,https://almighty.tools/es-ar/products/the-almighty-rechargeable-digital-level?variant=50585409945896
50585409945896,CO,237000.00 COP,in stock,https://almighty.tools/es-co/products/the-almighty-rechargeable-digital-level?variant=50585409945896
50585409945896,CL,60800.00 CLP,in stock,https://almighty.tools/es-cl/products/the-almighty-rechargeable-digital-level?variant=50585409945896
50585409945896,GB,63.90 GBP,in stock,https://almighty.tools/products/the-almighty-rechargeable-digital-level?variant=50585409945896&currency=GBP
50585409945896,AU,63.90 USD,in stock,https://almighty.tools/products/the-almighty-rechargeable-digital-level?variant=50585409945896
50585409945896,CA,63.90 USD,in stock,https://almighty.tools/products/the-almighty-rechargeable-digital-level?variant=50585409945896
50598338134312,MX,1080.00 MXN,in stock,https://almighty.tools/es-mx/products/the-almighty-clamping-tool?variant=50598338134312
50598338134312,AR,89985.00 ARS,in stock,https://almighty.tools/es-ar/products/the-almighty-clamping-tool?variant=50598338134312
50598338134312,CO,222000.00 COP,in stock,https://almighty.tools/es-co/products/the-almighty-clamping-tool?variant=50598338134312
50598338134312,CL,57000.00 CLP,in stock,https://almighty.tools/es-cl/products/the-almighty-clamping-tool?variant=50598338134312
50598338134312,GB,59.99 GBP,in stock,https://almighty.tools/products/the-almighty-clamping-tool?variant=50598338134312&currency=GBP
50598338134312,AU,59.99 USD,in stock,https://almighty.tools/products/the-almighty-clamping-tool?variant=50598338134312
50598338134312,CA,59.99 USD,in stock,https://almighty.tools/products/the-almighty-clamping-tool?variant=50598338134312
50598338167080,MX,1800.00 MXN,in stock,https://almighty.tools/es-mx/products/the-almighty-clamping-tool?variant=50598338167080
50598338167080,AR,149985.00 ARS,in stock,https://almighty.tools/es-ar/products/the-almighty-clamping-tool?variant=50598338167080
50598338167080,CO,370000.00 COP,in stock,https://almighty.tools/es-co/products/the-almighty-clamping-tool?variant=50598338167080
50598338167080,CL,95000.00 CLP,in stock,https://almighty.tools/es-cl/products/the-almighty-clamping-tool?variant=50598338167080
50598338167080,GB,99.99 GBP,in stock,https://almighty.tools/products/the-almighty-clamping-tool?variant=50598338167080&currency=GBP
50598338167080,AU,99.99 USD,in stock,https://almighty.tools/products/the-almighty-clamping-tool?variant=50598338167080
50598338167080,CA,99.99 USD,in stock,https://almighty.tools/products/the-almighty-clamping-tool?variant=50598338167080
50598338199848,MX,2880.00 MXN,in stock,https://almighty.tools/es-mx/products/the-almighty-clamping-tool?variant=50598338199848
50598338199848,AR,239985.00 ARS,in stock,https://almighty.tools/es-ar/products/the-almighty-clamping-tool?variant=50598338199848
50598338199848,CO,592000.00 COP,in stock,https://almighty.tools/es-co/products/the-almighty-clamping-tool?variant=50598338199848
50598338199848,CL,152000.00 CLP,in stock,https://almighty.tools/es-cl/products/the-almighty-clamping-tool?variant=50598338199848
50598338199848,GB,159.99 GBP,in stock,https://almighty.tools/products/the-almighty-clamping-tool?variant=50598338199848&currency=GBP
50598338199848,AU,159.99 USD,in stock,https://almighty.tools/products/the-almighty-clamping-tool?variant=50598338199848
50598338199848,CA,159.99 USD,in stock,https://almighty.tools/products/the-almighty-clamping-tool?variant=50598338199848
50608901816616,MX,1331.00 MXN,in stock,https://almighty.tools/es-mx/products/the-almighty-wizard-wand?variant=50608901816616
50608901816616,AR,110850.00 ARS,in stock,https://almighty.tools/es-ar/products/the-almighty-wizard-wand?variant=50608901816616
50608901816616,CO,274000.00 COP,in stock,https://almighty.tools/es-co/products/the-almighty-wizard-wand?variant=50608901816616
50608901816616,CL,70300.00 CLP,in stock,https://almighty.tools/es-cl/products/the-almighty-wizard-wand?variant=50608901816616
50608901816616,GB,73.90 GBP,in stock,https://almighty.tools/products/the-almighty-wizard-wand?variant=50608901816616&currency=GBP
50608901816616,AU,73.90 USD,in stock,https://almighty.tools/products/the-almighty-wizard-wand?variant=50608901816616
50608901816616,CA,73.90 USD,in stock,https://almighty.tools/products/the-almighty-wizard-wand?variant=50608901816616
50608919871784,MX,1583.00 MXN,in stock,https://almighty.tools/es-mx/products/the-almighty-guide?variant=50608919871784
50608919871784,AR,131850.00 ARS,in stock,https://almighty.tools/es-ar/products/the-almighty-guide?variant=50608919871784
50608919871784,CO,326000.00 COP,in stock,https://almighty.tools/es-co/products/the-almighty-guide?variant=50608919871784
50608919871784,CL,83600.00 CLP,in stock,https://almighty.tools/es-cl/products/the-almighty-guide?variant=50608919871784
50608919871784,GB,87.90 GBP,in stock,https://almighty.tools/products/the-almighty-guide?variant=50608919871784&currency=GBP
50608919871784,AU,87.90 USD,in stock,https://almighty.tools/products/the-almighty-guide?variant=50608919871784
50608919871784,CA,87.90 USD,in stock,https://almighty.tools/products/the-almighty-guide?variant=50608919871784
50616969298216,MX,881.00 MXN,in stock,https://almighty.tools/es-mx/products/the-almighty-craft?variant=50616969298216
50616969298216,AR,73350.00 ARS,in stock,https://almighty.tools/es-ar/products/the-almighty-craft?variant=50616969298216
50616969298216,CO,181000.00 COP,in stock,https://almighty.tools/es-co/products/the-almighty-craft?variant=50616969298216
50616969298216,CL,46500.00 CLP,in stock,https://almighty.tools/es-cl/products/the-almighty-craft?variant=50616969298216
50616969298216,GB,48.90 GBP,in stock,https://almighty.tools/products/the-almighty-craft?variant=50616969298216&currency=GBP
50616969298216,AU,48.90 USD,in stock,https://almighty.tools/products/the-almighty-craft?variant=50616969298216
50616969298216,CA,48.90 USD,in stock,https://almighty.tools/products/the-almighty-craft?variant=50616969298216
50625292828968,MX,2609.00 MXN,in stock,https://almighty.tools/es-mx/products/the-almighty-carabiner?variant=50625292828968
50625292828968,AR,217350.00 ARS,in stock,https://almighty.tools/es-ar/products/the-almighty-carabiner?variant=50625292828968
50625292828968,CO,537000.00 COP,in stock,https://almighty.tools/es-co/products/the-almighty-carabiner?variant=50625292828968
50625292828968,CL,137700.00 CLP,in stock,https://almighty.tools/es-cl/products/the-almighty-carabiner?variant=50625292828968
50625292828968,GB,144.90 GBP,in stock,https://almighty.tools/products/the-almighty-carabiner?variant=50625292828968&currency=GBP
50625292828968,AU,144.90 USD,in stock,https://almighty.tools/products/the-almighty-carabiner?variant=50625292828968
50625292828968,CA,144.90 USD,in stock,https://almighty.tools/products/the-almighty-carabiner?variant=50625292828968
50625292861736,MX,1619.00 MXN,in stock,https://almighty.tools/es-mx/products/the-almighty-carabiner?variant=50625292861736
50625292861736,AR,134850.00 ARS,in stock,https://almighty.tools/es-ar/products/the-almighty-carabiner?variant=50625292861736
50625292861736,CO,333000.00 COP,in stock,https://almighty.tools/es-co/products/the-almighty-carabiner?variant=50625292861736
50625292861736,CL,85500.00 CLP,in stock,https://almighty.tools/es-cl/products/the-almighty-carabiner?variant=50625292861736
50625292861736,GB,89.90 GBP,in stock,https://almighty.tools/products/the-almighty-carabiner?variant=50625292861736&currency=GBP
50625292861736,AU,89.90 USD,in stock,https://almighty.tools/products/the-almighty-carabiner?variant=50625292861736
50625292861736,CA,89.90 USD,in stock,https://almighty.tools/products/the-almighty-carabiner?variant=50625292861736
50626779349288,MX,1350.00 MXN,in stock,https://almighty.tools/es-mx/products/almighty-ruler-pink?variant=50626779349288
50626779349288,AR,112485.00 ARS,in stock,https://almighty.tools/es-ar/products/almighty-ruler-pink?variant=50626779349288
50626779349288,CO,278000.00 COP,in stock,https://almighty.tools/es-co/products/almighty-ruler-pink?variant=50626779349288
50626779349288,CL,71300.00 CLP,in stock,https://almighty.tools/es-cl/products/almighty-ruler-pink?variant=50626779349288
50626779349288,GB,74.99 GBP,in stock,https://almighty.tools/products/almighty-ruler-pink?variant=50626779349288&currency=GBP
50626779349288,AU,74.99 USD,in stock,https://almighty.tools/products/almighty-ruler-pink?variant=50626779349288
50626779349288,CA,74.99 USD,in stock,https://almighty.tools/products/almighty-ruler-pink?variant=50626779349288
50626779382056,MX,1530.00 MXN,in stock,https://almighty.tools/es-mx/products/almighty-ruler-pink?variant=50626779382056
50626779382056,AR,127485.00 ARS,in stock,https://almighty.tools/es-ar/products/almighty-ruler-pink?variant=50626779382056
50626779382056,CO,315000.00 COP,in stock,https://almighty.tools/es-co/products/almighty-ruler-pink?variant=50626779382056
50626779382056,CL,80800.00 CLP,in stock,https://almighty.tools/es-cl/products/almighty-ruler-pink?variant=50626779382056
50626779382056,GB,84.99 GBP,in stock,https://almighty.tools/products/almighty-ruler-pink?variant=50626779382056&currency=GBP
50626779382056,AU,84.99 USD,in stock,https://almighty.tools/products/almighty-ruler-pink?variant=50626779382056
50626779382056,CA,84.99 USD,in stock,https://almighty.tools/products/almighty-ruler-pink?variant=50626779382056
50742764765480,MX,1619.00 MXN,in stock,https://almighty.tools/es-mx/products/the-almighty-bitmaster-138-in-1?variant=50742764765480
50742764765480,AR,134850.00 ARS,in stock,https://almighty.tools/es-ar/products/the-almighty-bitmaster-138-in-1?variant=50742764765480
50742764765480,CO,333000.00 COP,in stock,https://almighty.tools/es-co/products/the-almighty-bitmaster-138-in-1?variant=50742764765480
50742764765480,CL,85500.00 CLP,in stock,https://almighty.tools/es-cl/products/the-almighty-bitmaster-138-in-1?variant=50742764765480
50742764765480,GB,89.90 GBP,in stock,https://almighty.tools/products/the-almighty-bitmaster-138-in-1?variant=50742764765480&currency=GBP
50742764765480,AU,89.90 USD,in stock,https://almighty.tools/products/the-almighty-bitmaster-138-in-1?variant=50742764765480
50742764765480,CA,89.90 USD,in stock,https://almighty.tools/products/the-almighty-bitmaster-138-in-1?variant=50742764765480
50742764798248,MX,1619.00 MXN,in stock,https://almighty.tools/es-mx/products/the-almighty-bitmaster-138-in-1?variant=50742764798248
50742764798248,AR,134850.00 ARS,in stock,https://almighty.tools/es-ar/products/the-almighty-bitmaster-138-in-1?variant=50742764798248
50742764798248,CO,333000.00 COP,in stock,https://almighty.tools/es-co/products/the-almighty-bitmaster-138-in-1?variant=50742764798248
50742764798248,CL,85500.00 CLP,in stock,https://almighty.tools/es-cl/products/the-almighty-bitmaster-138-in-1?variant=50742764798248
50742764798248,GB,89.90 GBP,in stock,https://almighty.tools/products/the-almighty-bitmaster-138-in-1?variant=50742764798248&currency=GBP
50742764798248,AU,89.90 USD,in stock,https://almighty.tools/products/the-almighty-bitmaster-138-in-1?variant=50742764798248
50742764798248,CA,89.90 USD,in stock,https://almighty.tools/products/the-almighty-bitmaster-138-in-1?variant=50742764798248
50788881989928,MX,809.00 MXN,in stock,https://almighty.tools/es-mx/products/the-almighty-protect-mask?variant=50788881989928
50788881989928,AR,67350.00 ARS,in stock,https://almighty.tools/es-ar/products/the-almighty-protect-mask?variant=50788881989928
50788881989928,CO,167000.00 COP,in stock,https://almighty.tools/es-co/products/the-almighty-protect-mask?variant=50788881989928
50788881989928,CL,42700.00 CLP,in stock,https://almighty.tools/es-cl/products/the-almighty-protect-mask?variant=50788881989928
50788881989928,GB,44.90 GBP,in stock,https://almighty.tools/products/the-almighty-protect-mask?variant=50788881989928&currency=GBP
50788881989928,AU,44.90 USD,in stock,https://almighty.tools/products/the-almighty-protect-mask?variant=50788881989928
50788881989928,CA,44.90 USD,in stock,https://almighty.tools/products/the-almighty-protect-mask?variant=50788881989928
50821979144488,MX,3131.00 MXN,in stock,https://almighty.tools/es-mx/products/the-almighty-diy-duo-gift-box?variant=50821979144488
50821979144488,AR,260850.00 ARS,in stock,https://almighty.tools/es-ar/products/the-almighty-diy-duo-gift-box?variant=50821979144488
50821979144488,CO,644000.00 COP,in stock,https://almighty.tools/es-co/products/the-almighty-diy-duo-gift-box?variant=50821979144488
50821979144488,CL,165300.00 CLP,in stock,https://almighty.tools/es-cl/products/the-almighty-diy-duo-gift-box?variant=50821979144488
50821979144488,GB,173.90 GBP,in stock,https://almighty.tools/products/the-almighty-diy-duo-gift-box?variant=50821979144488&currency=GBP
50821979144488,AU,173.90 USD,in stock,https://almighty.tools/products/the-almighty-diy-duo-gift-box?variant=50821979144488
50821979144488,CA,173.90 USD,in stock,https://almighty.tools/products/the-almighty-diy-duo-gift-box?variant=50821979144488
50821979177256,MX,3131.00 MXN,in stock,https://almighty.tools/es-mx/products/the-almighty-diy-duo-gift-box?variant=50821979177256
50821979177256,AR,260850.00 ARS,in stock,https://almighty.tools/es-ar/products/the-almighty-diy-duo-gift-box?variant=50821979177256
50821979177256,CO,644000.00 COP,in stock,https://almighty.tools/es-co/products/the-almighty-diy-duo-gift-box?variant=50821979177256
50821979177256,CL,165300.00 CLP,in stock,https://almighty.tools/es-cl/products/the-almighty-diy-duo-gift-box?variant=50821979177256
50821979177256,GB,173.90 GBP,in stock,https://almighty.tools/products/the-almighty-diy-duo-gift-box?variant=50821979177256&currency=GBP
50821979177256,AU,173.90 USD,in stock,https://almighty.tools/products/the-almighty-diy-duo-gift-box?variant=50821979177256
50821979177256,CA,173.90 USD,in stock,https://almighty.tools/products/the-almighty-diy-duo-gift-box?variant=50821979177256
50827949277480,MX,1242.00 MXN,in stock,https://almighty.tools/es-mx/products/new-almighty-ruler?variant=50827949277480
50827949277480,AR,103425.00 ARS,in stock,https://almighty.tools/es-ar/products/new-almighty-ruler?variant=50827949277480
50827949277480,CO,256000.00 COP,in stock,https://almighty.tools/es-co/products/new-almighty-ruler?variant=50827949277480
50827949277480,CL,65600.00 CLP,in stock,https://almighty.tools/es-cl/products/new-almighty-ruler?variant=50827949277480
50827949277480,GB,68.95 GBP,in stock,https://almighty.tools/products/new-almighty-ruler?variant=50827949277480&currency=GBP
50827949277480,AU,68.95 USD,in stock,https://almighty.tools/products/new-almighty-ruler?variant=50827949277480
50827949277480,CA,68.95 USD,in stock,https://almighty.tools/products/new-almighty-ruler?variant=50827949277480
50827949310248,MX,1440.00 MXN,in stock,https://almighty.tools/es-mx/products/new-almighty-ruler?variant=50827949310248
50827949310248,AR,119925.00 ARS,in stock,https://almighty.tools/es-ar/products/new-almighty-ruler?variant=50827949310248
50827949310248,CO,296000.00 COP,in stock,https://almighty.tools/es-co/products/new-almighty-ruler?variant=50827949310248
50827949310248,CL,76000.00 CLP,in stock,https://almighty.tools/es-cl/products/new-almighty-ruler?variant=50827949310248
50827949310248,GB,79.95 GBP,in stock,https://almighty.tools/products/new-almighty-ruler?variant=50827949310248&currency=GBP
50827949310248,AU,79.95 USD,in stock,https://almighty.tools/products/new-almighty-ruler?variant=50827949310248
50827949310248,CA,79.95 USD,in stock,https://almighty.tools/products/new-almighty-ruler?variant=50827949310248
50827949343016,MX,1242.00 MXN,in stock,https://almighty.tools/es-mx/products/new-almighty-ruler?variant=50827949343016
50827949343016,AR,103425.00 ARS,in stock,https://almighty.tools/es-ar/products/new-almighty-ruler?variant=50827949343016
50827949343016,CO,256000.00 COP,in stock,https://almighty.tools/es-co/products/new-almighty-ruler?variant=50827949343016
50827949343016,CL,65600.00 CLP,in stock,https://almighty.tools/es-cl/products/new-almighty-ruler?variant=50827949343016
50827949343016,GB,68.95 GBP,in stock,https://almighty.tools/products/new-almighty-ruler?variant=50827949343016&currency=GBP
50827949343016,AU,68.95 USD,in stock,https://almighty.tools/products/new-almighty-ruler?variant=50827949343016
50827949343016,CA,68.95 USD,in stock,https://almighty.tools/products/new-almighty-ruler?variant=50827949343016
50827949375784,MX,1440.00 MXN,in stock,https://almighty.tools/es-mx/products/new-almighty-ruler?variant=50827949375784
50827949375784,AR,119925.00 ARS,in stock,https://almighty.tools/es-ar/products/new-almighty-ruler?variant=50827949375784
50827949375784,CO,296000.00 COP,in stock,https://almighty.tools/es-co/products/new-almighty-ruler?variant=50827949375784
50827949375784,CL,76000.00 CLP,in stock,https://almighty.tools/es-cl/products/new-almighty-ruler?variant=50827949375784
50827949375784,GB,79.95 GBP,in stock,https://almighty.tools/products/new-almighty-ruler?variant=50827949375784&currency=GBP
50827949375784,AU,79.95 USD,in stock,https://almighty.tools/products/new-almighty-ruler?variant=50827949375784
50827949375784,CA,79.95 USD,in stock,https://almighty.tools/products/new-almighty-ruler?variant=50827949375784
50883506110760,MX,1350.00 MXN,in stock,https://almighty.tools/es-mx/products/new-almighty-ruler?variant=50883506110760
50883506110760,AR,112485.00 ARS,in stock,https://almighty.tools/es-ar/products/new-almighty-ruler?variant=50883506110760
50883506110760,CO,278000.00 COP,in stock,https://almighty.tools/es-co/products/new-almighty-ruler?variant=50883506110760
50883506110760,CL,71300.00 CLP,in stock,https://almighty.tools/es-cl/products/new-almighty-ruler?variant=50883506110760
50883506110760,GB,74.99 GBP,in stock,https://almighty.tools/products/new-almighty-ruler?variant=50883506110760&currency=GBP
50883506110760,AU,74.99 USD,in stock,https://almighty.tools/products/new-almighty-ruler?variant=50883506110760
50883506110760,CA,74.99 USD,in stock,https://almighty.tools/products/new-almighty-ruler?variant=50883506110760
50883506143528,MX,1530.00 MXN,in stock,https://almighty.tools/es-mx/products/new-almighty-ruler?variant=50883506143528
50883506143528,AR,127485.00 ARS,in stock,https://almighty.tools/es-ar/products/new-almighty-ruler?variant=50883506143528
50883506143528,CO,315000.00 COP,in stock,https://almighty.tools/es-co/products/new-almighty-ruler?variant=50883506143528
50883506143528,CL,80800.00 CLP,in stock,https://almighty.tools/es-cl/products/new-almighty-ruler?variant=50883506143528
50883506143528,GB,84.99 GBP,in stock,https://almighty.tools/products/new-almighty-ruler?variant=50883506143528&currency=GBP
50883506143528,AU,84.99 USD,in stock,https://almighty.tools/products/new-almighty-ruler?variant=50883506143528
50883506143528,CA,84.99 USD,in stock,https://almighty.tools/products/new-almighty-ruler?variant=50883506143528
50855793230120,MX,630.00 MXN,in stock,https://almighty.tools/es-mx/products/the-almighty-magbelt?variant=50855793230120
50855793230120,AR,52485.00 ARS,in stock,https://almighty.tools/es-ar/products/the-almighty-magbelt?variant=50855793230120
50855793230120,CO,130000.00 COP,in stock,https://almighty.tools/es-co/products/the-almighty-magbelt?variant=50855793230120
50855793230120,CL,33300.00 CLP,in stock,https://almighty.tools/es-cl/products/the-almighty-magbelt?variant=50855793230120
50855793230120,GB,34.99 GBP,in stock,https://almighty.tools/products/the-almighty-magbelt?variant=50855793230120&currency=GBP
50855793230120,AU,34.99 USD,in stock,https://almighty.tools/products/the-almighty-magbelt?variant=50855793230120
50855793230120,CA,34.99 USD,in stock,https://almighty.tools/products/the-almighty-magbelt?variant=50855793230120
50855793262888,MX,1800.00 MXN,in stock,https://almighty.tools/es-mx/products/the-almighty-magbelt?variant=50855793262888
50855793262888,AR,149985.00 ARS,in stock,https://almighty.tools/es-ar/products/the-almighty-magbelt?variant=50855793262888
50855793262888,CO,370000.00 COP,in stock,https://almighty.tools/es-co/products/the-almighty-magbelt?variant=50855793262888
50855793262888,CL,95000.00 CLP,in stock,https://almighty.tools/es-cl/products/the-almighty-magbelt?variant=50855793262888
50855793262888,GB,99.99 GBP,in stock,https://almighty.tools/products/the-almighty-magbelt?variant=50855793262888&currency=GBP
50855793262888,AU,99.99 USD,in stock,https://almighty.tools/products/the-almighty-magbelt?variant=50855793262888
50855793262888,CA,99.99 USD,in stock,https://almighty.tools/products/the-almighty-magbelt?variant=50855793262888
50855793295656,MX,2844.00 MXN,in stock,https://almighty.tools/es-mx/products/the-almighty-magbelt?variant=50855793295656
50855793295656,AR,236985.00 ARS,in stock,https://almighty.tools/es-ar/products/the-almighty-magbelt?variant=50855793295656
50855793295656,CO,585000.00 COP,in stock,https://almighty.tools/es-co/products/the-almighty-magbelt?variant=50855793295656
50855793295656,CL,150100.00 CLP,in stock,https://almighty.tools/es-cl/products/the-almighty-magbelt?variant=50855793295656
50855793295656,GB,157.99 GBP,in stock,https://almighty.tools/products/the-almighty-magbelt?variant=50855793295656&currency=GBP
50855793295656,AU,157.99 USD,in stock,https://almighty.tools/products/the-almighty-magbelt?variant=50855793295656
50855793295656,CA,157.99 USD,in stock,https://almighty.tools/products/the-almighty-magbelt?variant=50855793295656
50855793328424,MX,5400.00 MXN,in stock,https://almighty.tools/es-mx/products/the-almighty-magbelt?variant=50855793328424
50855793328424,AR,449985.00 ARS,in stock,https://almighty.tools/es-ar/products/the-almighty-magbelt?variant=50855793328424
50855793328424,CO,1110000.00 COP,in stock,https://almighty.tools/es-co/products/the-almighty-magbelt?variant=50855793328424
50855793328424,CL,285000.00 CLP,in stock,https://almighty.tools/es-cl/products/the-almighty-magbelt?variant=50855793328424
50855793328424,GB,299.99 GBP,in stock,https://almighty.tools/products/the-almighty-magbelt?variant=50855793328424&currency=GBP
50855793328424,AU,299.99 USD,in stock,https://almighty.tools/products/the-almighty-magbelt?variant=50855793328424
50855793328424,CA,299.99 USD,in stock,https://almighty.tools/products/the-almighty-magbelt?variant=50855793328424
50830256800040,MX,899.00 MXN,in stock,https://almighty.tools/es-mx/products/the-almighty-woodworking-guide?variant=50830256800040
50830256800040,AR,74850.00 ARS,in stock,https://almighty.tools/es-ar/products/the-almighty-woodworking-guide?variant=50830256800040
50830256800040,CO,185000.00 COP,in stock,https://almighty.tools/es-co/products/the-almighty-woodworking-guide?variant=50830256800040
50830256800040,CL,47500.00 CLP,in stock,https://almighty.tools/es-cl/products/the-almighty-woodworking-guide?variant=50830256800040
50830256800040,GB,49.90 GBP,in stock,https://almighty.tools/products/the-almighty-woodworking-guide?variant=50830256800040&currency=GBP
50830256800040,AU,49.90 USD,in stock,https://almighty.tools/products/the-almighty-woodworking-guide?variant=50830256800040
50830256800040,CA,49.90 USD,in stock,https://almighty.tools/products/the-almighty-woodworking-guide?variant=50830256800040
50844670296360,MX,359.00 MXN,in stock,https://almighty.tools/es-mx/products/the-almighty-magband?variant=50844670296360
50844670296360,AR,29850.00 ARS,in stock,https://almighty.tools/es-ar/products/the-almighty-magband?variant=50844670296360
50844670296360,CO,74000.00 COP,in stock,https://almighty.tools/es-co/products/the-almighty-magband?variant=50844670296360
50844670296360,CL,19000.00 CLP,in stock,https://almighty.tools/es-cl/products/the-almighty-magband?variant=50844670296360
50844670296360,GB,19.90 GBP,in stock,https://almighty.tools/products/the-almighty-magband?variant=50844670296360&currency=GBP
50844670296360,AU,19.90 USD,in stock,https://almighty.tools/products/the-almighty-magband?variant=50844670296360
50844670296360,CA,19.90 USD,in stock,https://almighty.tools/products/the-almighty-magband?variant=50844670296360
50865753719080,MX,2159.00 MXN,in stock,https://almighty.tools/es-mx/products/the-almighty-bolt?variant=50865753719080
50865753719080,AR,179850.00 ARS,in stock,https://almighty.tools/es-ar/products/the-almighty-bolt?variant=50865753719080
50865753719080,CO,444000.00 COP,in stock,https://almighty.tools/es-co/products/the-almighty-bolt?variant=50865753719080
50865753719080,CL,114000.00 CLP,in stock,https://almighty.tools/es-cl/products/the-almighty-bolt?variant=50865753719080
50865753719080,GB,119.90 GBP,in stock,https://almighty.tools/products/the-almighty-bolt?variant=50865753719080&currency=GBP
50865753719080,AU,119.90 USD,in stock,https://almighty.tools/products/the-almighty-bolt?variant=50865753719080
50865753719080,CA,119.90 USD,in stock,https://almighty.tools/products/the-almighty-bolt?variant=50865753719080
50865753882920,MX,1511.00 MXN,in stock,https://almighty.tools/es-mx/products/the-almighty-levelline?variant=50865753882920
50865753882920,AR,125850.00 ARS,in stock,https://almighty.tools/es-ar/products/the-almighty-levelline?variant=50865753882920
50865753882920,CO,311000.00 COP,in stock,https://almighty.tools/es-co/products/the-almighty-levelline?variant=50865753882920
50865753882920,CL,79800.00 CLP,in stock,https://almighty.tools/es-cl/products/the-almighty-levelline?variant=50865753882920
50865753882920,GB,83.90 GBP,in stock,https://almighty.tools/products/the-almighty-levelline?variant=50865753882920&currency=GBP
50865753882920,AU,83.90 USD,in stock,https://almighty.tools/products/the-almighty-levelline?variant=50865753882920
50865753882920,CA,83.90 USD,in stock,https://almighty.tools/products/the-almighty-levelline?variant=50865753882920
50883507749160,MX,1242.00 MXN,in stock,https://almighty.tools/es-mx/products/almighty-ruler-gift?variant=50883507749160
50883507749160,AR,103425.00 ARS,in stock,https://almighty.tools/es-ar/products/almighty-ruler-gift?variant=50883507749160
50883507749160,CO,256000.00 COP,in stock,https://almighty.tools/es-co/products/almighty-ruler-gift?variant=50883507749160
50883507749160,CL,65600.00 CLP,in stock,https://almighty.tools/es-cl/products/almighty-ruler-gift?variant=50883507749160
50883507749160,GB,68.95 GBP,in stock,https://almighty.tools/products/almighty-ruler-gift?variant=50883507749160&currency=GBP
50883507749160,AU,68.95 USD,in stock,https://almighty.tools/products/almighty-ruler-gift?variant=50883507749160
50883507749160,CA,68.95 USD,in stock,https://almighty.tools/products/almighty-ruler-gift?variant=50883507749160
50883507781928,MX,1440.00 MXN,in stock,https://almighty.tools/es-mx/products/almighty-ruler-gift?variant=50883507781928
50883507781928,AR,119925.00 ARS,in stock,https://almighty.tools/es-ar/products/almighty-ruler-gift?variant=50883507781928
50883507781928,CO,296000.00 COP,in stock,https://almighty.tools/es-co/products/almighty-ruler-gift?variant=50883507781928
50883507781928,CL,76000.00 CLP,in stock,https://almighty.tools/es-cl/products/almighty-ruler-gift?variant=50883507781928
50883507781928,GB,79.95 GBP,in stock,https://almighty.tools/products/almighty-ruler-gift?variant=50883507781928&currency=GBP
50883507781928,AU,79.95 USD,in stock,https://almighty.tools/products/almighty-ruler-gift?variant=50883507781928
50883507781928,CA,79.95 USD,in stock,https://almighty.tools/products/almighty-ruler-gift?variant=50883507781928
50883507814696,MX,1242.00 MXN,in stock,https://almighty.tools/es-mx/products/almighty-ruler-gift?variant=50883507814696
50883507814696,AR,103425.00 ARS,in stock,https://almighty.tools/es-ar/products/almighty-ruler-gift?variant=50883507814696
50883507814696,CO,256000.00 COP,in stock,https://almighty.tools/es-co/products/almighty-ruler-gift?variant=50883507814696
50883507814696,CL,65600.00 CLP,in stock,https://almighty.tools/es-cl/products/almighty-ruler-gift?variant=50883507814696
50883507814696,GB,68.95 GBP,in stock,https://almighty.tools/products/almighty-ruler-gift?variant=50883507814696&currency=GBP
50883507814696,AU,68.95 USD,in stock,https://almighty.tools/products/almighty-ruler-gift?variant=50883507814696
50883507814696,CA,68.95 USD,in stock,https://almighty.tools/products/almighty-ruler-gift?variant=50883507814696
50883507847464,MX,1440.00 MXN,in stock,https://almighty.tools/es-mx/products/almighty-ruler-gift?variant=50883507847464
50883507847464,AR,119925.00 ARS,in stock,https://almighty.tools/es-ar/products/almighty-ruler-gift?variant=50883507847464
50883507847464,CO,296000.00 COP,in stock,https://almighty.tools/es-co/products/almighty-ruler-gift?variant=50883507847464
50883507847464,CL,76000.00 CLP,in stock,https://almighty.tools/es-cl/products/almighty-ruler-gift?variant=50883507847464
50883507847464,GB,79.95 GBP,in stock,https://almighty.tools/products/almighty-ruler-gift?variant=50883507847464&currency=GBP
50883507847464,AU,79.95 USD,in stock,https://almighty.tools/products/almighty-ruler-gift?variant=50883507847464
50883507847464,CA,79.95 USD,in stock,https://almighty.tools/products/almighty-ruler-gift?variant=50883507847464
50883507880232,MX,1350.00 MXN,in stock,https://almighty.tools/es-mx/products/almighty-ruler-gift?variant=50883507880232
50883507880232,AR,112485.00 ARS,in stock,https://almighty.tools/es-ar/products/almighty-ruler-gift?variant=50883507880232
50883507880232,CO,278000.00 COP,in stock,https://almighty.tools/es-co/products/almighty-ruler-gift?variant=50883507880232
50883507880232,CL,71300.00 CLP,in stock,https://almighty.tools/es-cl/products/almighty-ruler-gift?variant=50883507880232
50883507880232,GB,74.99 GBP,in stock,https://almighty.tools/products/almighty-ruler-gift?variant=50883507880232&currency=GBP
50883507880232,AU,74.99 USD,in stock,https://almighty.tools/products/almighty-ruler-gift?variant=50883507880232
50883507880232,CA,74.99 USD,in stock,https://almighty.tools/products/almighty-ruler-gift?variant=50883507880232
50883507913000,MX,1530.00 MXN,in stock,https://almighty.tools/es-mx/products/almighty-ruler-gift?variant=50883507913000
50883507913000,AR,127485.00 ARS,in stock,https://almighty.tools/es-ar/products/almighty-ruler-gift?variant=50883507913000
50883507913000,CO,315000.00 COP,in stock,https://almighty.tools/es-co/products/almighty-ruler-gift?variant=50883507913000
50883507913000,CL,80800.00 CLP,in stock,https://almighty.tools/es-cl/products/almighty-ruler-gift?variant=50883507913000
50883507913000,GB,84.99 GBP,in stock,https://almighty.tools/products/almighty-ruler-gift?variant=50883507913000&currency=GBP
50883507913000,AU,84.99 USD,in stock,https://almighty.tools/products/almighty-ruler-gift?variant=50883507913000
50883507913000,CA,84.99 USD,in stock,https://almighty.tools/products/almighty-ruler-gift?variant=50883507913000
51349921693992,MX,1260.00 MXN,in stock,https://almighty.tools/es-mx/products/the-almighty-smartwatch?variant=51349921693992
51349921693992,AR,104985.00 ARS,in stock,https://almighty.tools/es-ar/products/the-almighty-smartwatch?variant=51349921693992
51349921693992,CO,259000.00 COP,in stock,https://almighty.tools/es-co/products/the-almighty-smartwatch?variant=51349921693992
51349921693992,CL,66500.00 CLP,in stock,https://almighty.tools/es-cl/products/the-almighty-smartwatch?variant=51349921693992
51349921693992,GB,69.99 GBP,in stock,https://almighty.tools/products/the-almighty-smartwatch?variant=51349921693992&currency=GBP
51349921693992,AU,69.99 USD,in stock,https://almighty.tools/products/the-almighty-smartwatch?variant=51349921693992
51349921693992,CA,69.99 USD,in stock,https://almighty.tools/products/the-almighty-smartwatch?variant=51349921693992
51349921726760,MX,1260.00 MXN,in stock,https://almighty.tools/es-mx/products/the-almighty-smartwatch?variant=51349921726760
51349921726760,AR,104985.00 ARS,in stock,https://almighty.tools/es-ar/products/the-almighty-smartwatch?variant=51349921726760
51349921726760,CO,259000.00 COP,in stock,https://almighty.tools/es-co/products/the-almighty-smartwatch?variant=51349921726760
51349921726760,CL,66500.00 CLP,in stock,https://almighty.tools/es-cl/products/the-almighty-smartwatch?variant=51349921726760
51349921726760,GB,69.99 GBP,in stock,https://almighty.tools/products/the-almighty-smartwatch?variant=51349921726760&currency=GBP
51349921726760,AU,69.99 USD,in stock,https://almighty.tools/products/the-almighty-smartwatch?variant=51349921726760
51349921726760,CA,69.99 USD,in stock,https://almighty.tools/products/the-almighty-smartwatch?variant=51349921726760
51411037421864,MX,1440.00 MXN,in stock,https://almighty.tools/es-mx/products/the-almighty-mini-screwdriver-45-in-1?variant=51411037421864
51411037421864,AR,119985.00 ARS,in stock,https://almighty.tools/es-ar/products/the-almighty-mini-screwdriver-45-in-1?variant=51411037421864
51411037421864,CO,296000.00 COP,in stock,https://almighty.tools/es-co/products/the-almighty-mini-screwdriver-45-in-1?variant=51411037421864
51411037421864,CL,76000.00 CLP,in stock,https://almighty.tools/es-cl/products/the-almighty-mini-screwdriver-45-in-1?variant=51411037421864
51411037421864,GB,79.99 GBP,in stock,https://almighty.tools/products/the-almighty-mini-screwdriver-45-in-1?variant=51411037421864&currency=GBP
51411037421864,AU,79.99 USD,in stock,https://almighty.tools/products/the-almighty-mini-screwdriver-45-in-1?variant=51411037421864
51411037421864,CA,79.99 USD,in stock,https://almighty.tools/products/the-almighty-mini-screwdriver-45-in-1?variant=51411037421864
51523660480808,MX,899.00 MXN,in stock,https://almighty.tools/es-mx/products/the-almighty-solarguard?variant=51523660480808
51523660480808,AR,74850.00 ARS,in stock,https://almighty.tools/es-ar/products/the-almighty-solarguard?variant=51523660480808
51523660480808,CO,185000.00 COP,in stock,https://almighty.tools/es-co/products/the-almighty-solarguard?variant=51523660480808
51523660480808,CL,47500.00 CLP,in stock,https://almighty.tools/es-cl/products/the-almighty-solarguard?variant=51523660480808
51523660480808,GB,49.90 GBP,in stock,https://almighty.tools/products/the-almighty-solarguard?variant=51523660480808&currency=GBP
51523660480808,AU,49.90 USD,in stock,https://almighty.tools/products/the-almighty-solarguard?variant=51523660480808
51523660480808,CA,49.90 USD,in stock,https://almighty.tools/products/the-almighty-solarguard?variant=51523660480808
51523663364392,MX,1691.00 MXN,in stock,https://almighty.tools/es-mx/products/the-almighty-steam-cleaner?variant=51523663364392
51523663364392,AR,140850.00 ARS,in stock,https://almighty.tools/es-ar/products/the-almighty-steam-cleaner?variant=51523663364392
51523663364392,CO,348000.00 COP,in stock,https://almighty.tools/es-co/products/the-almighty-steam-cleaner?variant=51523663364392
51523663364392,CL,89300.00 CLP,in stock,https://almighty.tools/es-cl/products/the-almighty-steam-cleaner?variant=51523663364392
51523663364392,GB,93.90 GBP,in stock,https://almighty.tools/products/the-almighty-steam-cleaner?variant=51523663364392&currency=GBP
51523663364392,AU,93.90 USD,in stock,https://almighty.tools/products/the-almighty-steam-cleaner?variant=51523663364392
51523663364392,CA,93.90 USD,in stock,https://almighty.tools/products/the-almighty-steam-cleaner?variant=51523663364392
51567395799336,MX,1619.00 MXN,in stock,https://almighty.tools/es-mx/products/the-almighty-power-wash?variant=51567395799336
51567395799336,AR,134850.00 ARS,in stock,https://almighty.tools/es-ar/products/the-almighty-power-wash?variant=51567395799336
51567395799336,CO,333000.00 COP,in stock,https://almighty.tools/es-co/products/the-almighty-power-wash?variant=51567395799336
51567395799336,CL,85500.00 CLP,in stock,https://almighty.tools/es-cl/products/the-almighty-power-wash?variant=51567395799336
51567395799336,GB,89.90 GBP,in stock,https://almighty.tools/products/the-almighty-power-wash?variant=51567395799336&currency=GBP
51567395799336,AU,89.90 USD,in stock,https://almighty.tools/products/the-almighty-power-wash?variant=51567395799336
51567395799336,CA,89.90 USD,in stock,https://almighty.tools/products/the-almighty-power-wash?variant=51567395799336
51567395832104,MX,719.00 MXN,in stock,https://almighty.tools/es-mx/products/the-almighty-power-wash?variant=51567395832104
51567395832104,AR,59850.00 ARS,in stock,https://almighty.tools/es-ar/products/the-almighty-power-wash?variant=51567395832104
51567395832104,CO,148000.00 COP,in stock,https://almighty.tools/es-co/products/the-almighty-power-wash?variant=51567395832104
51567395832104,CL,38000.00 CLP,in stock,https://almighty.tools/es-cl/products/the-almighty-power-wash?variant=51567395832104
51567395832104,GB,39.90 GBP,in stock,https://almighty.tools/products/the-almighty-power-wash?variant=51567395832104&currency=GBP
51567395832104,AU,39.90 USD,in stock,https://almighty.tools/products/the-almighty-power-wash?variant=51567395832104
51567395832104,CA,39.90 USD,in stock,https://almighty.tools/products/the-almighty-power-wash?variant=51567395832104
51544709464360,MX,1133.00 MXN,in stock,https://almighty.tools/es-mx/products/the-almighty-back-support?variant=51544709464360
51544709464360,AR,94350.00 ARS,in stock,https://almighty.tools/es-ar/products/the-almighty-back-support?variant=51544709464360
51544709464360,CO,233000.00 COP,in stock,https://almighty.tools/es-co/products/the-almighty-back-support?variant=51544709464360
51544709464360,CL,59800.00 CLP,in stock,https://almighty.tools/es-cl/products/the-almighty-back-support?variant=51544709464360
51544709464360,GB,62.90 GBP,in stock,https://almighty.tools/products/the-almighty-back-support?variant=51544709464360&currency=GBP
51544709464360,AU,62.90 USD,in stock,https://almighty.tools/products/the-almighty-back-support?variant=51544709464360
51544709464360,CA,62.90 USD,in stock,https://almighty.tools/products/the-almighty-back-support?variant=51544709464360
51581850517800,MX,3059.00 MXN,in stock,https://almighty.tools/es-mx/products/the-almighty-lighttower?variant=51581850517800
51581850517800,AR,254850.00 ARS,in stock,https://almighty.tools/es-ar/products/the-almighty-lighttower?variant=51581850517800
51581850517800,CO,629000.00 COP,in stock,https://almighty.tools/es-co/products/the-almighty-lighttower?variant=51581850517800
51581850517800,CL,161500.00 CLP,in stock,https://almighty.tools/es-cl/products/the-almighty-lighttower?variant=51581850517800
51581850517800,GB,169.90 GBP,in stock,https://almighty.tools/products/the-almighty-lighttower?variant=51581850517800&currency=GBP
51581850517800,AU,169.90 USD,in stock,https://almighty.tools/products/the-almighty-lighttower?variant=51581850517800
51581850517800,CA,169.90 USD,in stock,https://almighty.tools/products/the-almighty-lighttower?variant=51581850517800
51581850550568,MX,2627.00 MXN,in stock,https://almighty.tools/es-mx/products/the-almighty-camping-light?variant=51581850550568
51581850550568,AR,218850.00 ARS,in stock,https://almighty.tools/es-ar/products/the-almighty-camping-light?variant=51581850550568
51581850550568,CO,540000.00 COP,in stock,https://almighty.tools/es-co/products/the-almighty-camping-light?variant=51581850550568
51581850550568,CL,138700.00 CLP,in stock,https://almighty.tools/es-cl/products/the-almighty-camping-light?variant=51581850550568
51581850550568,GB,145.90 GBP,in stock,https://almighty.tools/products/the-almighty-camping-light?variant=51581850550568&currency=GBP
51581850550568,AU,145.90 USD,in stock,https://almighty.tools/products/the-almighty-camping-light?variant=51581850550568
51581850550568,CA,145.90 USD,in stock,https://almighty.tools/products/the-almighty-camping-light?variant=51581850550568
51742047371560,MX,629.00 MXN,in stock,https://almighty.tools/es-mx/products/the-almighty-ultimate-protection-mask?variant=51742047371560
51742047371560,AR,52350.00 ARS,in stock,https://almighty.tools/es-ar/products/the-almighty-ultimate-protection-mask?variant=51742047371560
51742047371560,CO,130000.00 COP,in stock,https://almighty.tools/es-co/products/the-almighty-ultimate-protection-mask?variant=51742047371560
51742047371560,CL,33200.00 CLP,in stock,https://almighty.tools/es-cl/products/the-almighty-ultimate-protection-mask?variant=51742047371560
51742047371560,GB,34.90 GBP,in stock,https://almighty.tools/products/the-almighty-ultimate-protection-mask?variant=51742047371560&currency=GBP
51742047371560,AU,34.90 USD,in stock,https://almighty.tools/products/the-almighty-ultimate-protection-mask?variant=51742047371560
51742047371560,CA,34.90 USD,in stock,https://almighty.tools/products/the-almighty-ultimate-protection-mask?variant=51742047371560
51892278165800,MX,1295.00 MXN,in stock,https://almighty.tools/es-mx/products/the-almighty-offset-wrench?variant=51892278165800
51892278165800,AR,107850.00 ARS,in stock,https://almighty.tools/es-ar/products/the-almighty-offset-wrench?variant=51892278165800
51892278165800,CO,267000.00 COP,in stock,https://almighty.tools/es-co/products/the-almighty-offset-wrench?variant=51892278165800
51892278165800,CL,68400.00 CLP,in stock,https://almighty.tools/es-cl/products/the-almighty-offset-wrench?variant=51892278165800
51892278165800,GB,71.90 GBP,in stock,https://almighty.tools/products/the-almighty-offset-wrench?variant=51892278165800&currency=GBP
51892278165800,AU,71.90 USD,in stock,https://almighty.tools/products/the-almighty-offset-wrench?variant=51892278165800
51892278165800,CA,71.90 USD,in stock,https://almighty.tools/products/the-almighty-offset-wrench?variant=51892278165800
52197493735720,MX,1043.00 MXN,in stock,https://almighty.tools/es-mx/products/the-almighty-cut?variant=52197493735720
52197493735720,AR,86850.00 ARS,in stock,https://almighty.tools/es-ar/products/the-almighty-cut?variant=52197493735720
52197493735720,CO,215000.00 COP,in stock,https://almighty.tools/es-co/products/the-almighty-cut?variant=52197493735720
52197493735720,CL,55100.00 CLP,in stock,https://almighty.tools/es-cl/products/the-almighty-cut?variant=52197493735720
52197493735720,GB,57.90 GBP,in stock,https://almighty.tools/products/the-almighty-cut?variant=52197493735720&currency=GBP
52197493735720,AU,57.90 USD,in stock,https://almighty.tools/products/the-almighty-cut?variant=52197493735720
52197493735720,CA,57.90 USD,in stock,https://almighty.tools/products/the-almighty-cut?variant=52197493735720
52197493801256,MX,1043.00 MXN,in stock,https://almighty.tools/es-mx/products/the-almighty-cut?variant=52197493801256
52197493801256,AR,86850.00 ARS,in stock,https://almighty.tools/es-ar/products/the-almighty-cut?variant=52197493801256
52197493801256,CO,215000.00 COP,in stock,https://almighty.tools/es-co/products/the-almighty-cut?variant=52197493801256
52197493801256,CL,55100.00 CLP,in stock,https://almighty.tools/es-cl/products/the-almighty-cut?variant=52197493801256
52197493801256,GB,57.90 GBP,in stock,https://almighty.tools/products/the-almighty-cut?variant=52197493801256&currency=GBP
52197493801256,AU,57.90 USD,in stock,https://almighty.tools/products/the-almighty-cut?variant=52197493801256
52197493801256,CA,57.90 USD,in stock,https://almighty.tools/products/the-almighty-cut?variant=52197493801256
52365153141032,MX,450.00 MXN,in stock,https://almighty.tools/es-mx/products/the-almighty-tools-gift-card?variant=52365153141032
52365153141032,AR,37500.00 ARS,in stock,https://almighty.tools/es-ar/products/the-almighty-tools-gift-card?variant=52365153141032
52365153141032,CO,92500.00 COP,in stock,https://almighty.tools/es-co/products/the-almighty-tools-gift-card?variant=52365153141032
52365153141032,CL,23750.00 CLP,in stock,https://almighty.tools/es-cl/products/the-almighty-tools-gift-card?variant=52365153141032
52365153141032,GB,25.00 GBP,in stock,https://almighty.tools/products/the-almighty-tools-gift-card?variant=52365153141032&currency=GBP
52365153141032,AU,25.00 USD,in stock,https://almighty.tools/products/the-almighty-tools-gift-card?variant=52365153141032
52365153141032,CA,25.00 USD,in stock,https://almighty.tools/products/the-almighty-tools-gift-card?variant=52365153141032
52365153173800,MX,900.00 MXN,in stock,https://almighty.tools/es-mx/products/the-almighty-tools-gift-card?variant=52365153173800
52365153173800,AR,75000.00 ARS,in stock,https://almighty.tools/es-ar/products/the-almighty-tools-gift-card?variant=52365153173800
52365153173800,CO,185000.00 COP,in stock,https://almighty.tools/es-co/products/the-almighty-tools-gift-card?variant=52365153173800
52365153173800,CL,47500.00 CLP,in stock,https://almighty.tools/es-cl/products/the-almighty-tools-gift-card?variant=52365153173800
52365153173800,GB,50.00 GBP,in stock,https://almighty.tools/products/the-almighty-tools-gift-card?variant=52365153173800&currency=GBP
52365153173800,AU,50.00 USD,in stock,https://almighty.tools/products/the-almighty-tools-gift-card?variant=52365153173800
52365153173800,CA,50.00 USD,in stock,https://almighty.tools/products/the-almighty-tools-gift-card?variant=52365153173800
52365153206568,MX,1800.00 MXN,in stock,https://almighty.tools/es-mx/products/the-almighty-tools-gift-card?variant=52365153206568
52365153206568,AR,150000.00 ARS,in stock,https://almighty.tools/es-ar/products/the-almighty-tools-gift-card?variant=52365153206568
52365153206568,CO,370000.00 COP,in stock,https://almighty.tools/es-co/products/the-almighty-tools-gift-card?variant=52365153206568
52365153206568,CL,95000.00 CLP,in stock,https://almighty.tools/es-cl/products/the-almighty-tools-gift-card?variant=52365153206568
52365153206568,GB,100.00 GBP,in stock,https://almighty.tools/products/the-almighty-tools-gift-card?variant=52365153206568&currency=GBP
52365153206568,AU,100.00 USD,in stock,https://almighty.tools/products/the-almighty-tools-gift-card?variant=52365153206568
52365153206568,CA,100.00 USD,in stock,https://almighty.tools/products/the-almighty-tools-gift-card?variant=52365153206568
52365153239336,MX,2700.00 MXN,in stock,https://almighty.tools/es-mx/products/the-almighty-tools-gift-card?variant=52365153239336
52365153239336,AR,225000.00 ARS,in stock,https://almighty.tools/es-ar/products/the-almighty-tools-gift-card?variant=52365153239336
52365153239336,CO,555000.00 COP,in stock,https://almighty.tools/es-co/products/the-almighty-tools-gift-card?variant=52365153239336
52365153239336,CL,142500.00 CLP,in stock,https://almighty.tools/es-cl/products/the-almighty-tools-gift-card?variant=52365153239336
52365153239336,GB,150.00 GBP,in stock,https://almighty.tools/products/the-almighty-tools-gift-card?variant=52365153239336&currency=GBP
52365153239336,AU,150.00 USD,in stock,https://almighty.tools/products/the-almighty-tools-gift-card?variant=52365153239336
52365153239336,CA,150.00 USD,in stock,https://almighty.tools/products/the-almighty-tools-gift-card?variant=52365153239336